avgTemp,minTemp,maxTemp,fainFall,avgPrice
1.2,-11,0.9,0,2123
0.9,-5.5,5.5,0.8,2123
1.8,-6.9,1.4,0,2123
2.3,-5.1,2.2,5.9,2020
2.2,-8.7,-1.8,0.7,2060
1.3,-11.4,-2.5,0.3,2060
0.3,-11.2,-1.2,0,2140
0.1,-11.4,1.4,0,2140
0,-8.8,1.8,0.1,2140
0.4,-5,2.8,0,2140
1.6,-5.1,2.1,0,2140
1.9,-8.2,-1.7,0.4,2140
2.6,-11.4,-4.6,0.7,2140
0.7,-12.7,0,0.1,2140
0.8,-7.9,3.9,0.1,2140
0.7,-9.9,2.9,0,2140
0.3,-9.8,4.9,0,2140
0.2,-7.1,7.7,0,2140
0,-4.6,11,0.3,2140
0,4.9,11.3,10.8,2175
3.5,-3.6,7.9,3.1,2211
2.8,-5.7,0.8,0,2211
2,-6.6,2,0.1,2211
1.8,-5.5,5.8,0,2211
3.4,-4.3,5.4,0,2211
1.3,-7.7,4.3,0,2178
0.8,-5.9,7.4,6.5,2178
3.7,-0.7,7.4,0.1,2311
2.8,-4.3,5,0,2344
1.2,-3.3,7.5,0,2344
0.7,-1.3,9.4,0,2344
1.5,-1,6.8,0.2,2380
2.9,-5.5,1.8,0,2520
2.7,-8.6,-0.3,0,2620
2.6,-8.4,2.2,0.1,2720
2.9,-5.9,3,0,2820
1.2,-8.5,4.7,0,2820
1.1,-8.3,8.6,0.1,2820
0.5,2.8,7.3,2.7,2980
0.5,3.6,7.8,6.9,3040
2,4,6.5,9,3040
4.1,0.7,5.2,17.3,3080
1.8,-0.6,2.7,3.1,3180
1.6,-3.3,2.2,1.9,3180
0.7,-4.9,2.5,0,3180
1.3,-4.4,5,0.1,3180
1.3,-5,3.2,0.6,3180
0.9,-6.1,3.6,0.4,3280
2.3,-4.8,2.4,0.5,3300
1.5,-6.1,5.4,0.1,3300
1.2,-4.2,9.7,0,3300
0.7,-3.4,11.6,0,3300
0.8,-0.8,12.8,0,3260
0.6,-1.2,16.4,0,3260
0.9,1.2,18.9,0,3300
0.5,10.3,16.4,33.4,3260
2.4,6,13.5,4.1,3340
1.8,3.8,9.2,1.5,3340
1.1,3,12.6,0.1,3340
3.7,3.4,8,15.6,3340
1.8,1.8,6.9,0.3,3340
1.5,-0.4,10.5,0,3760
2.2,4.4,7.2,3.9,3860
0.9,5,9.4,3.8,4140
2.5,3.1,8.1,3.3,4140
3.4,2.3,7,0.9,4140
1.9,0.1,7.6,0.9,4200
1.7,-0.8,5.8,5.7,4400
3.2,-2.9,2.6,3.9,4400
1.9,-2.8,8.4,0,4400
2.6,1.7,14.5,0,4300
2.5,1.6,12.5,0,4300
1.6,1,12.9,1.1,4300
2.8,4.5,14.4,16.5,4400
4.5,-0.4,7.2,0,4300
1.9,-2.7,7.3,1.1,4440
2,-1.8,6.5,2.3,4440
1.3,-3.5,13.9,0,4440
3,5.1,18.5,1,4440
4.4,1,9.3,0,4440
0.8,0.4,8,2,4440
1,3.3,11.4,2.4,4640
1.3,3.9,13.1,0.1,4680
1.6,1.4,8.5,4.6,4780
3.5,-2,8,0,4880
1,0.5,10,0.9,4880
2.8,1.7,11.4,0,4880
2.1,-1.3,12.9,0,5040
1.3,1,13.6,0,5300
1,6.3,10.9,18.8,5400
1.7,5.1,11.6,15.8,5600
3.5,1.3,12.7,0,5600
2.6,0.8,12.4,0,5600
1.2,-0.5,16.6,0,5600
1.3,4.9,19,0,5700
2.5,5.1,15.2,0.1,5800
1.5,1.4,12.9,0.1,5900
1.2,0,16.5,0,6000
1.3,4.6,19.5,0,5900
1.2,6.9,17.7,0.1,5900
2.2,7.9,17,0.9,5900
3,9.2,15.9,3.8,6000
4.9,3,11.3,1.6,6200
3.2,0.9,8.9,0.7,6200
1.5,-0.2,12.5,0,6200
1.7,0.2,14.4,0,6100
1.9,0.8,16.5,0,6100
1.4,3.8,16.3,0.2,6100
1.5,10.1,18.4,5.5,6100
1.5,10.2,22.5,0.2,5900
3.5,8.7,16.6,8,5900
3.1,7.9,12.3,13.9,5900
1.5,6.2,14.5,2,5800
1.9,4,17.6,0,5800
1.1,3.8,20.9,0,5800
1.7,9,17.5,23.7,5700
3.3,5.6,14.7,4.2,5600
2.1,3.2,10,7.8,5600
4.1,5.2,15,0.5,5600
2.5,5.7,16.8,0,5400
2.2,4.3,19.9,0,5400
1.7,7.3,25.1,0,5400
2.6,13.7,25.8,0,5083
1.9,15,27.1,0,5000
1.6,14,25.7,0.4,5000
3.1,11.6,23.6,5.2,4813
3.6,9.9,23.9,0,4813
2,9.3,24.8,0,4813
1.2,11.6,25.3,0,4813
1.9,12.4,22,0.1,4722
2,8.5,20.3,0.8,4556
2.2,7.9,20.4,0,4533
1.2,8.2,21.2,0,4533
1.3,8.7,23.1,0,4380
1.7,9.8,22.5,0,4380
1.6,10.2,26.5,0,4380
1.6,11.5,26.9,5.8,3860
1.1,16.4,19.7,51.4,3920
2,15.1,24.6,2.4,4020
1.8,13.9,28.2,0,4020
1,13.8,30.2,0,4020
1.9,14.7,22.6,24.2,4020
2.9,14.3,17.5,26.8,4020
2.2,13.5,17.3,4.8,4000
1.4,12.9,18.4,1.9,3740
2.4,11.9,21.4,0.2,3700
1.4,10.2,22.4,0,3700
1,11.3,20,0,3700
1.5,12.7,23.5,0,3700
1.8,11.5,22.9,0,3700
1.7,11.6,21.5,0.1,3460
1.4,9.7,23.1,0,3320
1.2,11,25.5,0,3320
1.3,13.5,27.6,0,3220
1.3,14.8,28.7,0,3220
1.2,15.3,29.6,0.5,3220
1,16.1,29.7,1.6,3220
1.4,16.3,28.3,0.6,3200
1.3,14.9,28.1,0,3200
1.2,14.8,30,0,3200
1,15.8,30,0,3100
1.2,16,28.6,0.8,3100
0.9,17.6,23.3,11.9,3100
1.2,19,27.7,2.9,3100
1.5,18.8,28.1,2.8,3060
1.5,19.4,28.7,2.3,3060
1.6,18.6,29.3,0.2,2800
0.6,19.5,30.1,0,2800
1.6,20.7,27.9,1.8,2800
1.4,20.2,27.1,2.3,2800
1.5,20.1,28.1,4.6,2800
2,18.8,28.6,0,2900
1.3,17,29.3,0,2760
1,17.4,28.4,0,2800
0.9,16.5,29.9,0,2700
1.6,18.6,29.6,0.8,2700
2,20.4,25.1,11.4,2700
1.1,20.6,25.5,3.9,2700
1.1,20,27.9,9.2,2700
0.7,20.1,29.4,0.1,2760
0.9,21.3,28.1,3.7,2800
1,21.8,28.8,5,2567
0.9,23,26.2,17.1,2544
0.8,22.8,27.9,6.1,2544
0.7,22.3,27.1,1.4,2544
1.7,22.1,30.1,1,2574
1.3,21.3,31.6,0.4,2664
1.3,20.7,29.8,1.1,2738
1,20.1,28.4,0.7,2771
0.8,20.4,30.2,0.8,2771
0.9,20.4,29.3,4.6,2771
2,20.6,24.5,57.6,2771
0.9,20.1,26.7,0.6,2953
1.3,20.3,27,11.3,3216
1.2,20,28.7,0.1,3155
1.1,20.5,29.3,0.9,3300
0.8,22,27.1,54.1,3327
0.5,23.2,27.8,36.6,3327
1.1,23.5,30.8,1.1,3327
1.2,23.4,31.9,0.7,3721
1.1,23.6,32,0.5,3671
1.4,24.1,32,2.2,3700
1.6,24.4,32.4,0.2,3744
1,23.1,30.9,21.3,3759
1,22.9,30.9,6.7,3759
1.4,22.8,31.1,5.6,3759
1.4,23.1,31.1,1.9,3694
1.5,22.9,31.9,3.2,3792
0.9,22.5,28.5,14.4,3792
1.1,23.4,30.9,0.7,3678
1,24.1,30.9,0.1,3776
1.6,24.3,31.7,0,3776
1.5,25.2,33,0,3776
1,24.2,31.8,4.4,4316
1,23.5,29.9,1.8,4360
0.8,24.5,32.9,1.9,4360
1.2,25.2,33.4,2.6,4360
0.9,25.5,32.2,9.1,4151
1,24,31.7,8.4,4151
1,23.1,32.3,1.9,4151
1,22.8,33.3,1.3,4240
1.2,24.5,29.5,43.3,4149
2.1,24.3,30.4,32.4,4093
1.7,22.9,30.4,3.1,4270
1,23.6,29.8,38,4270
0.7,24.8,30,14,4270
1.6,24.7,30.1,38.2,4270
0.7,22.8,29.2,20.6,4258
0.8,22.3,30.7,16.9,4258
1,23.2,31.8,14.4,4070
1,24,32.4,0.4,3642
0.9,24.2,33.3,0.2,3662
1.2,24.3,33.9,0,3662
1.1,24.3,33.6,0.2,3662
1.4,24.4,32.1,6,3612
0.8,23.6,31,6.8,3749
1.4,22.4,28.1,19.3,4146
1.2,22.6,29.4,12.7,4371
1.1,23,29.9,6,4371
1.8,24,28.8,18.3,4371
1.1,23.5,29.3,29.3,4371
0.6,23.5,30,4.7,4360
0.7,23,29.9,17,4383
1.8,23,31.7,14.8,4420
2.7,23.5,29.8,26.7,4420
0.9,23.4,31.7,3.4,4495
1,23,32.1,0.1,4495
1.1,23.2,32.3,10.3,4495
1.2,22.9,26.9,21.5,4895
3.1,21.6,27.1,18.6,5183
1.4,19.9,25.2,0.2,5183
0.8,19.3,26.3,12.4,4945
1,21.5,29.8,17.4,4945
0.6,22.6,26.5,42.6,4945
1.4,20.3,27.3,34.2,4945
1.1,19,28,0.2,5535
0.7,18.8,28,0.2,5748
1.1,17.6,28.5,0.5,6664
1,16.9,29.5,0,6807
1,17.3,30,0,6829
1,18.1,30.1,0,6829
0.8,18.2,26.4,6.1,6829
0.6,20.2,27.3,7.4,7184
1.4,20.6,29.7,30.1,7184
2.1,16.1,23.2,9.7,7184
1,13.6,23.3,0.2,7184
1.2,12.1,23.9,0,7629
1,12.3,23.7,0,7629
0.9,13.1,22.6,0.1,7629
1,13.1,23.7,0.6,11678
1.6,10.6,21.7,0.5,12410
0.7,9.2,19.9,0,12410
1.1,9.4,22.3,0,12011
1,9.2,23.2,0,12011
1.1,12.3,22.6,12.9,12011
1.8,15.3,23.5,6.7,12011
1.9,13.1,19,2.3,10425
1,11.4,20.5,0.1,10425
1,10.4,22.8,0,10025
0.8,11.3,24.1,0,9626
1.1,14.1,22.7,3.9,9583
0.9,14.4,23.7,0.7,9583
1.1,13,24.6,0,9583
0.8,12.5,22.5,0.1,9000
0.9,13.3,22.9,0,8500
1.1,12.7,20.8,0.3,7600
1.1,11.4,20.9,0,6800
1.9,9.1,19.1,0,6100
1.2,8.2,21.9,0,6100
0.9,9.2,22.2,0.1,6100
0.9,8.9,21.7,0.1,5014
0.9,9.4,22.7,0,4729
0.9,10.5,21.9,0,4356
1.7,10.8,21.3,1.1,3860
0.9,10.8,22.1,0,3770
0.7,9.9,20.8,0.3,3770
0.7,13.5,20.5,8.1,3770
2.2,7.8,17.9,0.3,3688
1.8,0.8,9.8,0,3647
0.9,-0.5,13.3,0,3653
1.1,1.8,14.7,0,3698
1.1,1.3,17.3,0,3614
1.1,5.7,18.2,0,3614
0.9,5.8,17.9,0.6,3614
1.5,5.7,17.6,0,3594
2.4,3.1,12.6,0,3412
1.2,0.2,14,0,3362
1,2.5,16.9,0,3222
1.1,4.6,17.7,0,3184
0.8,5.2,18.1,0,3184
0.7,5.7,17.8,0.4,3184
3.1,4.5,14,1.5,3111
4.5,3.3,9.9,0.1,3154
1.6,0.2,12.3,0,3079
0.9,1.6,16.5,5.5,3142
2.6,4.3,15.3,0.3,3190
0.9,1.8,16.3,0,3190
1.9,5.2,14.4,0,3190
2.4,-0.9,8.8,0,3329
1,-2.7,10.6,0,3435
0.8,-0.1,12.6,0,3561
0.7,-0.6,13.4,0,3820
0.5,-0.9,12.2,0,3784
0.8,0,16,0,3784
0.8,2.4,17.3,0,3784
2.1,2.1,14.3,1.3,3958
0.8,-1.5,13.2,0,3927
0.6,1.6,13.8,0,3845
2,1.1,10.4,0,3610
1.3,-2.7,7.6,0,3670
1.5,-3.3,10.8,1.3,3670
2,-3.1,5.8,0.2,3670
1.1,-1.5,11.9,0.9,3657
0.7,2.3,15.1,0.6,3546
0.7,2.1,15.3,0,3411
0.4,3.6,13.2,1.2,3459
4.3,-0.4,10,0.6,3595
0.9,-2.7,10.2,0,3595
0.3,1.1,14.6,0,3595
2.3,0.3,12.1,1,3582
1.1,-2.7,6,0.3,3552
0.7,-3.5,5.9,2.1,3552
2.1,-3.8,5,0.1,3709
0.5,-5,11.4,0.5,3679
3.7,-4.7,9.8,0,3679
0.9,-7.4,4.8,0.1,3679
0.4,0.9,5.8,11.9,3633
3.2,-5,5.7,0,3509
3.1,-8.7,-2.4,0.1,3573
1.8,-10,0,0,3616
1.3,-4.9,4.7,0.8,3616
0.6,-4.6,8.1,0,3616
0.4,-1.6,11.3,0,3616
0.7,-0.4,11.8,0,3616
0.7,-1.9,11,0,3616
1,-1.1,10.6,0,3408
2.2,-3.7,7.9,0,3455
3.5,-9.5,-2.7,0,3398
3.5,-11,-3.1,0.4,3398
2.6,-9.6,-1,0.9,3398
1.1,-6.6,3.6,0.6,3576
1.5,-3.4,4.7,3.8,3576
1.6,-5.8,1.8,0.2,3576
1.9,-6.4,1,4,3599
1.9,-9.3,-2.3,1,3601
0.8,-10.4,0.7,0.4,3601
0.9,-9.5,3.6,0,3601
0.6,-8.5,1.8,1.8,4252
1.2,-6.8,2.2,0,4168
2.8,-4,2.5,0,4376
1.5,-7.3,-0.5,0.1,4609
1.1,-10.8,0.6,0,4609
1.2,-10,3.4,0,4609
2.7,-8.2,1.4,0,4609
1.1,-11.8,-0.8,0,4399
1.2,-9.5,1.5,0.4,4423
2.3,-9.2,-1.1,0,4495
0.8,-11.6,1.4,0,4521
0.9,-9.5,3.5,0.1,4521
3.7,-13,-1.8,0.2,4521
1.7,-14.8,-5.2,0.1,4521
1.2,-13.2,-0.6,0,4832
1.3,-10.6,0.5,0,4888
1.8,-8.6,0.8,0,5083
1.7,-9.3,-0.9,0,4551
1.2,-9.6,0.8,0,4451
1,-8.9,3,0,4451
0.8,-6.6,2.7,1.4,4451
2.3,-8.2,-1.4,0.3,5104
1.3,-10.7,-0.3,0,5251
2.2,-10.5,-0.4,0,5075
1.6,-10.5,-0.5,0,5234
1.6,-8.2,0.4,0,5234
2.6,-10.5,-2,0.2,5234
2.3,-11.8,-2.8,0.2,5234
1.6,-11.9,1.3,0,5221
1.2,-6.7,7.2,0,5134
1.1,-3.9,8.9,0,5134
0.9,-5.2,8.7,0,5134
1.2,-3.7,8.8,0,5134
0.7,-3.4,8.5,0,5134
0.7,-3.3,8.6,0,5134
0.8,-2.9,7.6,0,4859
0.7,-0.7,6.3,1.3,4843
2.2,-2.9,5.5,0,4815
0.8,-4.6,3.1,0.3,4744
1.9,-4.8,4,4.5,4727
2.9,-7.2,0.7,1.9,4727
0.9,-9.8,2.5,0,4727
1,-5.5,0.9,3.4,4626
1.1,-7.3,5.6,0,4651
0.5,-6.3,7.7,1.5,4893
0.8,-0.8,4.4,3.8,4893
0.9,-3.9,8.1,0,4834
1.1,-3.8,9.7,0,4834
2.2,-2.8,11.9,0,4834
0.8,-1.4,11.6,0,4841
1,-2.6,12.4,0,4847
1.1,-2,13.7,0,4699
1.6,-0.4,16,0,4791
2.2,-0.8,10.7,0,4770
1.3,-2.7,12.8,0.1,4770
3.1,4.1,8.6,43,4770
3.4,3.4,7.2,3.8,4710
2.1,-0.4,5.6,3.2,4710
3,-3.3,4.3,0,4763
2.1,-5.4,4.1,0,4590
1.9,-4.6,6.8,0,4688
1.3,-3.8,9,0,4688
1.5,-0.6,10.8,0,4688
3,-0.1,7.6,0,4750
3.2,-2.9,9,0,4798
3.5,-2,6.7,0,4544
2.8,-3.5,8.6,0,4596
2.3,-1.5,12,0,4629
1.3,0.4,15.4,0,4629
1.3,2.4,18.1,0,4629
1.4,3.9,16.1,0,4693
4.5,-0.6,8.9,0,4761
3.6,-2.4,5.9,0,4743
1.9,-3.5,8.4,0,4846
1.5,-3.6,13.8,0,4824
2.5,4.3,16.4,0,4824
1.2,4.5,11.3,15.2,4824
2,4.1,13.1,0.6,4824
3.3,0.1,7.7,0.4,4824
2.3,-3,8.7,0,4824
2.4,-0.4,10.6,2.8,4776
2.9,-0.5,7.1,0.3,4662
1.8,-2.9,9.3,0,4662
1.5,-2.5,11.9,0,4662
1.7,1,11.9,0.4,4550
1.5,-1.2,11.2,0,4530
2.2,0.4,15.7,0,4486
1.4,1.6,19,0,4341
1.9,1.5,19.8,0,4341
1.5,4.7,14,0.1,4341
1.5,2.8,12.1,2.6,4341
1.3,1.1,15.3,0,4265
1.5,0.5,18.2,0,4073
1.8,1.3,18.9,0.7,4057
0.7,9.1,14.4,17.1,3783
2,7.1,17.4,3.3,3783
2.1,3.4,18.1,0,3783
1.4,4.5,19.9,0.5,3783
2.4,5.1,15.4,2.7,3905
2.2,1.4,18.3,0,3905
2.1,3.6,20.2,0,3961
1.6,4.3,21.2,0,3808
3.2,9.8,23.5,0.1,3708
2.2,6.1,18.8,0.1,3708
1.8,4,18.7,0,3708
2.3,5.1,11.8,2.7,3654
2.3,4.2,15.1,0.7,3329
2,2.8,18.5,0,3126
1.4,5.4,20.3,0,2406
1.7,8.7,13.9,26.8,2360
3.6,6.3,15.8,0,2360
3.5,5,16,0.4,2360
3.4,6.3,18.8,0.3,2304
1.4,9.8,15.3,11.9,2225
1.7,8.2,16.8,2.4,2243
1.9,5.9,15.4,0.7,2117
1.3,4.1,19.9,0.6,1978
1.7,13.3,21.3,37.3,1978
3.4,11.2,18.7,2.3,1978
1.5,9.5,21.9,0,1889
2.2,10.8,22.5,0,1769
1.1,7.4,21.3,0,1735
1.7,8.5,21.8,0,1735
1.3,9.5,19.3,1.1,1650
2.5,13.7,24.2,1.2,1650
1.5,12.3,25.5,0,1650
2,14.1,24.6,5.7,1594
2,15.2,22.6,41.3,1594
2.9,14,18.1,46.4,1611
1.7,11.6,19.3,2.9,1593
3.6,10,22.2,0,1585
3.2,11.1,24.3,0,1585
2.9,9.3,25.6,0,1585
2.5,11.2,22.5,0,1590
1.7,8.6,23.5,0,1349
1.4,10.4,26.1,0,1313
1.6,15,25.8,0.1,1217
1.2,16.4,24.5,3.3,1220
1,14.3,22.1,4.4,1220
1.1,13,22.1,1.8,1220
1,12,20.4,3.5,1282
1.1,9.8,26.1,0,1272
1.1,13.2,24.8,0,1263
1.6,14.3,19,6.2,1150
1.7,14,20.1,0.7,1142
1.1,13.5,24.9,0,1142
1.7,13.9,26.1,0,1142
1.6,13.6,25.2,0,1192
1.5,15.3,20,2,1196
1.2,14.5,22.2,11.6,1169
1.2,14.7,24.3,0,1212
1.6,14.2,26.1,0,1212
2.5,16.5,26,0.1,1212
1.4,16.1,28.3,0,1212
1.3,14.6,27.8,0,1212
1.4,15.1,28.3,0,1250
1.4,15.7,28.8,0.4,1236
1.7,17.3,25.6,0.3,1227
0.8,17.7,25.1,2.8,1222
1.1,17,29.6,1.4,1222
1.5,17.6,28.3,0.8,1222
1.7,16.8,25.8,0.1,1211
1.2,15.8,27.4,0,1211
1.3,17,27.2,0.1,1216
1.7,17.2,28.5,0,1292
1.2,16.6,28.1,0,1287
1.2,18.2,27.3,1.5,1287
1.3,17.1,29.5,0,1287
1.8,17.5,29.9,0.8,1201
2.1,18.5,31.5,0.1,1167
1.3,20.9,27.3,22.1,1178
2.6,22.5,28.4,21.6,1178
2.4,19.8,25.5,52.1,1179
2.6,18.4,21.8,54.1,1179
4.6,18.3,23.2,48.3,1179
2.1,18.6,25.2,3.4,1200
1.8,18.4,29.6,4.7,1199
1.4,21.8,28.8,34,1189
1.3,21.9,28.2,19.4,1318
1.4,21.9,29.6,0.8,1385
1.2,22.2,30.7,2.1,1385
1.4,22.1,26.5,49.1,1385
2.5,20.5,29,9,1465
1.3,19,30.4,0,1492
0.9,19.5,27,4.2,1614
1,20.9,25.7,21.8,1653
1.6,22.5,27.3,22.6,1718
1.1,21.2,26.1,84.4,1718
0.8,21,26.6,57.2,1718
1,20.7,27,20.6,1734
0.6,21.8,26.8,30.7,1786
0.7,22.8,27.2,8.9,1923
0.9,23.3,28.6,20.4,2158
1.1,23.2,30.1,6.8,2198
1.1,22.8,30.5,9.3,2198
0.8,22.6,31.4,2.9,2198
2.5,22.8,32,0.1,2287
4.2,23.7,31.8,0.7,2287
2.2,22.4,31.8,0,2331
1.8,20.8,28.9,1.4,2648
1.7,20.1,26.6,3.6,2743
1.2,21.4,29.1,2.1,2743
1,22.1,27,14.1,2743
1.1,21.6,28.6,6,3003
1.3,22.6,29.8,17.5,3075
1.1,24,29,55.6,3155
1.1,24,30.7,12.1,3435
1.3,23.9,31.4,7.7,3548
1.1,23.7,30.6,6.5,3548
0.7,23.2,29.2,13.3,3548
1.6,23.3,28.2,33.6,3723
1.6,23.3,28.8,13,3764
1.2,23.4,30.6,9.3,3975
0.8,23.4,31.8,2.9,3979
1.1,23.3,33.2,0.1,3976
1.3,24.1,31.8,2.5,3976
2.6,24.4,30.8,32.9,3976
2.8,23.9,29.9,28.8,4294
0.9,23.3,27.5,35.9,4294
1.9,23.9,29.3,11.9,4294
1.5,24.1,31.5,5.9,4430
0.9,23.9,30.2,15.6,4043
1,23.5,29.7,6.4,4043
1.2,23.5,30.6,4.4,4043
1.3,23.3,30.1,1.7,4043
1.1,23.7,30.6,12.6,3913
1.1,23.6,28.1,25.6,3930
1.4,22.2,28.7,5.6,3930
1.1,20.7,25.5,3.5,3993
1,19.1,23.7,15,3993
1.1,18.3,27.9,2.9,3993
1,18.6,25.7,2,3993
1.7,17.9,25.7,3.3,4047
1.4,19.4,25.9,2,3973
1.3,20.1,27.5,0.4,4109
1.2,21,27.7,1.4,4098
1.1,21.8,29.5,0.8,4098
1.1,21.3,30.2,0,4098
0.7,21.9,31,1.4,4098
0.9,22.4,30.9,0.7,4048
0.9,22.1,31.8,0,4223
0.9,21.1,32.1,0,4309
2.1,20.6,30.3,0.5,4182
1.7,20.9,29.5,0.2,4182
1.8,19.4,28.3,2.1,4182
1,18.3,28.1,1.9,3731
1.5,16.7,28.3,0.1,3650
1,14.8,27.9,0,3561
0.6,18.7,25.8,0.1,3415
0.5,18.8,23.9,1.6,3485
1.2,18.1,22.1,16.2,3485
1.1,19.1,24.6,24.5,3485
0.8,21.1,28.2,4,3485
0.8,21.3,29.5,0.1,3485
1,21.3,30.5,0,3757
0.9,20.4,31.1,0,3643
0.9,20.6,31.5,0,3698
1.7,21,30,3.3,3698
2.8,19,25.3,3.6,3698
3,15.7,20.5,0.6,3521
2.5,13.5,21.5,0.1,3424
1.7,12.1,23.2,0,3422
1.2,10.4,24,0,3176
0.9,11.1,25.3,0,2858
0.9,11.9,25.5,0,2858
0.9,12.5,25.8,0,2858
1.2,12.2,26.5,0,2651
0.7,11.2,26.4,0,2472
0.8,13.7,23.5,0,2538
2,16,20.2,12.4,2219
1.3,11.8,21.5,0.2,2308
1.1,8.7,19.3,0,2308
0.9,8.2,18.7,0,2308
0.9,6,20.1,0,2308
1,6.5,21.9,0,2463
1.4,11,22.5,0,2466
1.1,9.9,22.3,0,2183
0.7,7.9,21.7,0,2292
0.8,8.2,22.7,0,2292
0.9,9.1,23.1,0,2292
1.2,10.5,24.5,0,2289
0.7,10.8,23.8,0,2378
0.8,8.5,21.5,0,2345
0.6,10.9,24.6,0,2177
1.8,12.4,16.1,9.8,2220
2.6,11.8,20.6,5.3,2220
1.9,10.8,20.4,0.4,2220
0.9,7.2,19.1,0,2376
0.8,3.3,17.9,0,2299
0.8,4.1,21.1,0,2282
1.6,9.1,21.4,0,2250
0.8,11.5,20.1,9.1,2225
0.9,11.9,19,22,2225
2,10.1,19.7,0,2225
2,11,17,1.9,2207
0.8,3.8,13.5,0,2208
0.8,1,16.5,0,2208
0.7,3.5,19.4,0,2209
0.9,7.7,20.2,0,2217
0.9,10,17.1,2.3,2217
1,9.8,19.6,0.3,2217
0.9,7.3,21.2,0,1999
0.9,8.1,22.3,0,1973
1,12.5,22.1,0.1,1959
0.9,12.1,23.8,0,1921
1.6,14,23.8,2.3,1900
2.3,16.2,23.4,21.1,1900
0.7,14.5,19,9,1900
1.6,13.3,19.2,0.3,1834
2.2,11.8,17.6,1.1,1796
0.9,11.4,16.6,0.8,1741
0.8,10.1,16.9,0.1,1611
1.1,9.3,16.6,1.9,1480
1.3,7.7,17,0,1480
1.5,7.5,17,0,1480
1,3.5,13.5,0,1470
0.9,1.7,14,0,1415
1,1.7,17,0,1342
1,6.8,15.7,1,1197
2.6,11.4,17.5,20.6,1168
3.1,7.6,18.1,6.3,1168
1.7,0.9,7.7,0,1168
0.6,-1.8,8.4,0,1146
2.8,-1.1,9.2,0.2,1131
3,1.9,10.4,5.2,1135
1.3,-1.7,5.9,0,1122
0.4,-1.8,9.3,0,1129
0.8,-0.9,12.5,0,1129
0.6,5.2,17.5,0.1,1129
1.8,7.8,18.2,0.4,1101
3.5,8.2,16.6,2.4,1093
2.9,5,11.5,29.7,1106
2.5,4.3,8.2,1.6,1106
1,3,9.4,2.6,1106
1.3,3.2,9.6,7,1106
0.7,0.9,9,0,1106
0.7,-1.7,8.2,0,1189
0.8,1.6,9.2,0.2,1181
2.2,2.4,9.1,0,1181
1.9,-0.5,7.4,1.7,1141
1.4,-3,2.7,1.5,1132
1.6,-4.7,3.4,0.5,1132
1.2,-0.5,7,0,1132
0.7,-0.5,9.5,0,1149
1.1,-3.4,9.8,0,1133
2.7,-2.8,10,0,1133
2.5,-3.9,5.3,0,1193
1.3,-6.4,-0.3,0.5,1214
1.2,-8.1,1.5,0,1214
1,-4.9,4.3,0,1214
0.9,-6,4.7,0,1241
0.7,-5.8,5.5,0,1241
3,-1.9,6.7,0.1,1241
1.1,-6.6,3.5,0.1,1316
2.1,-9.3,1,0.3,1308
2.7,-7.2,1.2,0.8,1308
1.6,-7.9,0,0.1,1308
0.6,-9,0.2,0,1251
0.8,-9.1,3.8,0,1282
1.4,-6.3,5.9,0.1,1323
0.8,-4.5,5.4,0.3,1338
0.8,-6.7,4.6,0,1326
1.7,-7.1,3.8,0,1326
1,-4.7,3.8,0.4,1326
1.3,-7.5,2.6,0,1319
2.2,-5.8,2.8,0.7,1319
1.1,-6.6,-1,0.8,1319
0.9,-8.7,1.5,0,1338
0.6,-7.8,3.7,0,1338
1.1,-9,4.1,0,1338
1.3,-8.2,4.7,0,1338
1.2,-4,4.9,0,1350
1.9,-3.7,4.5,0,1347
1.1,-7.6,0.7,0,1340
1,-9.6,2.2,0,1192
1.1,-4.8,5.3,0,1194
0.5,-6.6,4.9,0,1194
0.9,-3.9,3.8,0,1194
0.7,-4,7.3,2,1190
0.7,-1.2,8.6,0.2,1240
3.3,-1.8,7.3,0.4,1240
2.8,1.7,7.4,5.9,1288
0.8,3.5,8.9,1.4,1374
3.4,1.4,6.7,1.5,1374
2.3,-6.2,2.5,0,1374
1.5,-9.6,-2.3,0,1374
2.4,-10.6,-0.7,0.2,1374
1.4,-9.7,-2,0.7,1377
0.8,-10.9,3.2,0,1427
1.1,-4.9,6.1,0.1,1431
1.4,-3.8,5.7,0,1431
1.8,-5.8,4.8,0,1431
1.1,-7.1,2.4,0,1386
3,-9.2,3.4,3.3,1374
1.7,-10.6,-0.4,0.3,1510
1.1,-13.9,-5.7,0.1,1522
1.4,-13.7,-0.9,0,1522
0.7,-7.5,4.1,0.1,1522
0.7,-5.2,5.6,0,1522
3.7,-4.3,6.2,1.6,1488
2.6,-8.5,3,0,1511
2.2,-11.1,-1.6,0.4,1576
2,-8.8,1.7,0.2,1598
1.6,-6.2,3.7,0,1629
1,-8,3.6,0,1629
0.7,-7.2,6.7,0,1629
1.2,-0.9,6.5,0.5,1679
1.8,-0.8,9,3.4,1676
3.1,-1,7,0,1732
3.1,-3.7,4.9,0,1779
2.3,-6.5,0.1,0.1,1811
1.4,-9,-0.3,0.1,1811
1.2,-9.1,2.7,0,1811
0.8,-8.4,7,0,1862
1.1,-4.5,6.3,0.7,1866
1.8,-2.2,10.7,0,2176
1.5,1.1,10.8,0,2398
1.1,-0.4,9.4,0.3,2395
0.7,-0.5,5.3,1,2395
0.9,-3.1,4.3,0.6,2395
0.6,-6.4,6.8,0,2562
1,-4.3,7,0.6,2636
1.1,-2.2,12.1,0.1,2662
2,0.9,14.5,0,2662
2.8,4.1,7.9,2.1,2748
3.3,2.4,10.6,0.5,2748
2.8,2.7,8.4,4.4,2748
2.5,3.6,7,15.7,2829
1.8,2.3,7.9,3.6,2926
1.3,0.6,9.9,0,2953
2,-0.4,9.5,0,2996
2.2,-1.2,9.6,0.5,2971
4.5,0.7,9.6,0.1,2971
2.7,-2.8,3.4,0,2971
1.6,-5,5.1,0,2993
1.9,-4.9,8.2,0,3011
1.1,-2.7,11,0,3133
1.2,-0.2,12.9,0,3201
0.4,3.4,11.2,5.4,3253
2.3,6.7,13.4,1.9,3253
1.8,2.6,12.4,1.2,3253
2.4,-0.8,9.5,0,3290
1.9,-1.9,10,0,3330
1.4,-2.2,12.7,0,3322
2.1,2.3,10.4,7.6,3302
3.8,3.7,8.3,19,3290
3.7,2.2,8.8,1.2,3290
2.5,1,8.8,0,3290
2.1,-1.3,10.8,0,3337
1.3,-0.7,15.6,0,3337
2.1,3.7,17.4,0,3330
2.5,1.8,18.9,0.6,3331
3.4,7.8,15.5,25,3353
2.5,2.8,11.8,0.1,3353
1.1,-0.2,11.7,0,3353
3,1.3,16.9,5.7,3352
3.2,2.8,13.3,24,3325
3.4,0.7,15.7,0,3318
3.5,3,14.2,0,3300
2.2,0.7,12.3,0,3363
2.5,0,13.8,0,3363
2.6,2.7,21,0,3363
1.1,10.7,22.4,0,3355
2.3,10.1,18,4.8,3399
2.9,7.8,17.6,2.2,3399
1.3,3.8,17.1,0,3385
1.8,7.4,14.7,0.7,3425
1.5,6.2,20.1,0,3425
2,7.6,23.3,0,3425
1.2,6.9,21.1,0,3468
1.1,4.8,19.2,0,3495
2.4,5.7,21.2,0,3494
2.8,8.6,19.2,1.9,3473
4.7,11.5,19.6,0.7,3471
2.5,10.7,15,57.6,3471
2,9.5,16.4,4.1,3471
0.9,8.8,22.8,0.1,3452
1.5,11.1,27.2,0,3462
4.2,11.4,18.9,28.6,3458
1.5,8.2,18.1,0.5,3451
1.6,5.4,23.1,0,3461
0.9,8.6,24.9,0,3461
2.3,11,22.1,0,3461
1.2,12.9,23.7,0.3,3462
3.2,14.7,23.2,5.6,3462
2,15.6,23.7,1.2,3360
2,13.4,22.8,1.5,3384
2.8,12,26.1,0.1,3260
2.5,13.3,26.2,0.1,3260
1.6,10.6,25,0,3260
0.9,10.7,26.5,0,3199
1.4,12.5,27,1.1,3058
2.8,12.6,26.1,0.1,2931
1.9,12.2,20.8,0.2,2764
1.6,12.4,17.8,0.1,2695
1.2,11.3,20.9,0,2695
0.8,12.2,22.4,0,2695
2,14,17.1,17.6,2632
1.7,13.1,22.9,0.5,2613
1.5,11.4,23.7,0.1,2540
1.5,11.2,21.8,1.3,2587
1.2,9.3,24.6,0,2576
1.1,11,24.6,0,2576
1.3,11.6,26.9,0,2576
1.1,12.3,26.7,0,2586
1.4,12.5,27.7,0,2551
1.2,14.6,28.1,0,2512
1.7,14.8,25.4,0.3,2366
1.3,15.3,26.1,0.3,2346
1.4,12.7,27.4,0,2346
1.3,13,27.6,0.3,2346
1.4,14.9,25.8,1.3,2346
1,15.1,26.7,0.1,2304
1.2,16.6,21.9,3.5,2288
1.4,15.5,25.5,1.1,2305
1.6,14.3,25.8,0,2310
1.1,16.4,26.5,1.5,2310
1.3,14.6,27.7,0,2310
1.7,15.6,27.5,0.2,2298
1.7,18.7,28.8,0,2294
1,18.5,28,0,2294
0.9,17.9,28.8,0,2165
1.1,18,23.5,7.7,2158
1.3,17.6,27,0,2158
1,17.5,27.9,1.1,2158
2,17.9,26.3,0.2,2142
1.4,17.9,27.6,2.2,2093
2.1,17.7,26.4,1.4,2130
1.6,17.4,26.6,0,2139
1.6,18.1,23,4.5,2066
1.7,17.5,27.7,0.3,2066
1,17.8,29.2,0,2066
1.8,18.5,27.1,3.3,2041
1.2,18.8,28.9,7.2,2068
1.3,18.3,27.7,0.2,2060
1.4,18.9,29.8,0.1,2060
1.4,18.4,28.9,0.1,2060
2.1,19.2,29.8,1,2060
2.9,19.6,27.1,0.8,2060
3.5,18.2,27.7,0,2116
2.6,18.6,25.5,0.4,2239
1.1,18.7,25,0.2,2358
1.2,18.1,28,0,2510
1.7,19.4,28.7,4.6,2597
2.3,20.9,26,37.4,2597
1.3,20.4,27.7,0.5,2597
1.5,19.9,29.2,0.1,2689
1.8,20.4,29.3,1.1,2782
0.9,22,29.6,0.3,2793
1.8,22.3,26.1,25.2,2960
0.9,21,25.5,64,2978
1.3,19.6,28.1,2.1,2978
1.2,19.3,29.7,0,2978
1.5,20,30.7,0,2996
1.4,20.9,27.8,6.4,2991
1.7,21.9,27.3,33.2,2921
1.2,21.1,29.1,0.8,2716
1.7,21.9,29,23.6,2675
2.6,21.3,25.8,25.1,2675
0.4,20.3,25.1,48.2,2675
0.8,20.4,26.5,0.6,2671
1.2,21.2,26.3,8,2659
2.9,22.7,28.6,14.1,2686
1.3,23.1,29.2,27.9,2850
0.9,22.8,30.8,0.2,2849
1,22.3,31,0.1,2849
1,23.3,29,3.9,2849
1.2,23.8,31.8,0.7,2800
1.3,24.1,33.1,0,2806
1.3,23.6,33.4,0,2773
1.4,23.3,33.4,0,2775
1.1,23.6,33.2,0,2809
1.2,23.8,33.6,0,2809
1.4,24.1,34,0,2809
1,24.4,33.8,1.2,2837
1.9,24.7,34.3,0.1,2772
2.4,24.3,34.9,0,2764
1.9,25.5,32.9,0.3,2522
1,24.9,33.6,0,2533
0.9,24.3,34.3,0,2533
1.3,23.6,35.3,0,2533
1.8,24.4,34.5,1.2,2550
1.2,24,33.5,0.2,2600
1.4,22.3,32.4,0,2752
0.8,23,32.7,0.2,2883
1,23.1,29,8,2891
0.9,22.7,31.8,0.8,2891
1.6,23.7,30.2,26.8,2891
1.8,23.2,28.8,35,2984
1,22.4,29.1,6.2,3033
0.7,23.5,30.2,42.8,3033
0.9,23.1,29.3,21.1,2972
0.6,23.4,31.8,2.7,2970
1.1,24.6,31.8,2.6,2970
0.8,25.3,32.2,1.5,2970
0.6,24.8,29.3,17.7,2991
1.2,24,31.3,17.4,2977
2.1,21.7,26.7,29.4,2977
2,20.6,24.7,38.5,2995
1,20.6,24.4,40.8,2968
1.1,22,30.6,3.4,2968
2.3,22.8,32.2,0,2968
4.5,23.1,30.8,1.9,3023
3,23.4,28.6,38.3,3058
2,23.2,30.3,2.6,3179
1.1,19.6,25.4,67.5,3406
0.9,18.3,27.7,1.7,3394
0.8,19.1,28.1,0.5,3394
0.9,19.9,28.4,0.3,3394
0.7,19.9,29,0.1,3395
1.7,19.8,27,23.3,3423
1,18.2,28,9.9,3457
1.4,15.7,27.2,0,3393
1.7,15.7,27.5,8.7,3366
0.8,18.8,26.4,33.3,3366
1.4,18,22.8,7.9,3366
1,17.3,26.3,10.4,3434
0.8,16.1,26.9,0,3479
0.8,16.5,26.3,0,3495
0.9,19.3,23.9,5.8,3492
1.8,17.6,22.7,4.3,3490
2.7,16.8,23.6,2.9,3490
2.6,17.3,20.7,46.6,3490
1.5,17.4,20.9,95.5,3462
0.6,17.2,25.4,0.1,3507
0.8,15.5,25.1,0.3,3622
0.7,14.1,25.4,0,3747
0.7,14.1,24.9,0,3784
0.9,14.2,25.8,0.1,3784
1,14.1,26.2,0,3784
0.9,13.5,26.2,0,3999
0.8,13.6,26.2,0,3851
1,13.4,25,0,3784
1.2,15.2,23.7,0,3817
2,14.4,24.5,1.6,3849
0.9,12.4,21.7,0.1,3849
0.8,10.6,22,0,3849
0.8,11.1,23.7,0,3849
1,12,24.4,0,3938
1,11.8,24.6,0,3938
0.8,11.1,24.5,0,3997
0.8,12.3,22.8,0,3998
1.1,13.5,24,0.1,3998
1,11.2,23.8,0,3998
0.9,10.5,22.4,0,3983
0.8,9.2,21.9,0,3909
1.3,10.5,21.9,1.6,3699
1,8.7,19.9,0,3673
0.7,6.6,21.9,0,3618
1.1,8.6,22.9,0,3618
0.7,9.6,23.5,0,3618
1,7.7,22,0,3689
1.5,7.7,23,0,3658
1.1,8.2,18.1,1.6,3571
1,4.2,17.7,0,3705
1.1,5.5,20.6,0,3689
0.8,7,21.2,0.1,3689
1.7,9.2,24,0,3689
2.5,10.5,20.2,26.7,3645
0.9,6.3,16.2,0,3623
0.8,5.9,18.2,0,3619
0.7,7.4,21,0.1,3468
0.9,8.6,22.2,0,3434
2.7,11.9,17.2,25.4,3434
0.8,9.8,20.6,0,3434
1.5,6.8,18.5,0,3372
1.2,5.4,15,0.3,3325
2.5,3.5,13.7,0.4,3315
0.9,2.6,11.8,0.1,3109
0.8,0.3,13.7,0,3035
1.7,0.8,16.7,0,3035
1.3,5.4,14.9,5.8,3035
1.4,6.9,14.8,3,3198
1.7,6.3,12.4,4.5,3134
0.5,6.1,14.3,0,3172
1.1,5.5,15,0,2824
2.8,4.9,16.2,0,2791
3.4,7.7,15.6,3,2791
3.5,6.9,15,18.1,2791
2.5,6.9,12.5,1.2,2913
2.7,3.9,11.2,3.1,2935
0.9,2.2,8.2,0.7,2886
0.3,0.1,11.3,0,2819
1.8,-0.5,10.9,5.7,2844
0.9,3.6,10.9,4,2844
1.7,-0.2,10.8,0,2844
1.3,-0.2,11.6,1.1,2820
0.8,-1.1,8.2,0,2820
0.8,-2.3,9.6,0,2765
1.7,0.5,12.5,0,2677
1.3,3.2,9.8,0.5,2668
0.9,-1.3,8.8,0,2668
2.6,-2.9,9.3,1.2,2668
1.5,0.7,8,2.8,2675
1.4,-2.9,7.7,0,2691
1.2,-0.9,13.2,0.8,2663
1,-1.4,8.1,0,2710
1.7,-2.4,8.6,0.1,2634
0.8,-3.5,5.7,0.2,2634
1.5,-0.7,8.4,0.6,2634
3.5,-1.3,8.4,3.2,2600
2,-2.7,3.7,0.1,2600
2.1,-3.8,5.4,6.7,2600
0.9,-7.4,-0.2,0.6,2710
2.4,-6.4,2,3.3,2925
2.1,-7.6,0.1,0.9,2925
0.9,-10.1,-2.2,0.4,2925
0.5,-10.2,0.1,0,3083
0.5,-9.6,2.1,0,3221
0.4,-8.8,3.6,0,3339
1.5,-8.4,6.7,0,3331
0.8,-1.2,6.6,25.3,3333
0.7,2.1,8.7,0.5,3333
2,-0.4,8.7,0,3333
2.7,-0.6,7.1,0,3438
1,-5.8,0.6,0,3416
0.9,-8.1,0.8,0,3416
0.6,-7.3,4.4,0,3543
1.6,-2.2,3,6.7,3576
3.3,-3.2,3.1,0,3576
1.2,-9.2,-1.3,0.4,3576
2.7,-12,-1.4,0.1,3617
1,-9.5,0.7,0.3,3617
0.5,-12.6,-2.1,0,3624
0.4,-11.5,2.7,0,3634
1,-3.3,2.2,7.3,3624
2.7,-3.1,4.2,2.2,3624
1.7,-8.1,1.4,1.5,3624
0.4,-10.5,-1.2,0.2,3730
3,-9.1,2.6,2,3730
1.4,-11.2,0,0.4,3853
0.6,-13.9,-5.1,0,3958
0.8,-14.7,-1.9,0,4002
0.8,-13.1,1,0,4002
0.8,-8.5,2.1,0,4002
1.1,-9.7,2.5,0,4007
2.2,-8.7,3.2,0,3979
1.1,-9.6,-1.5,0,3964
0.6,-12,-0.8,0,3862
0.9,-11.8,2.9,0,3956
0.5,-5.6,7,0.1,3956
1.2,-4.7,3.9,0,3956
0.5,-6.1,5.7,0.1,3912
1.2,-7.2,4.9,0,3939
2.1,-5.7,3.9,0.1,3883
1.3,-6.2,0.3,1.9,3888
0.9,-9.1,3.2,0,3812
0.9,-5.3,5.9,0,3812
1.3,-4.7,7,0,3812
1.1,2.2,5.3,19.3,3793
1.2,2.3,5.7,2.2,3830
2.8,0.9,4.1,1.4,3822
4,-3.2,4.6,0.3,3719
2.6,-6.7,-1.5,0,3719
1.4,-8.9,-1.2,0,3719
0.8,-8.8,-0.8,0,3719
0.3,-8.7,4.4,0,3719
0.4,-3.2,8,0,3721
0.6,-0.9,11,0,3721
1.8,0.3,12.7,0.5,3702
3.3,4.8,12.2,31.3,3702
0.9,-2,8.1,0,3702
1.6,-4.7,2.8,3.2,3702
0.6,-1.6,6.3,4.2,3702
2.3,-3,3.5,3.9,3685
3.9,-1.2,3.7,2.2,3771
1.5,-10.9,0,0.1,3792
1.2,-13.2,-2.5,0,3814
2,-10.6,0.6,0,3814
0.9,-7.1,3.8,0.1,3814
1.6,-8,2.7,0,3814
1.4,-4.4,1.7,0.3,3957
1,-6.8,5.1,0,3991
2.4,-3.3,7.9,0,4014
1.2,-3.4,6.1,0,3982
0.9,-7.2,4.6,0,3982
1.9,-3.2,6.3,1.9,3982
2.6,0.2,6.3,1.8,3973
3,-3.4,4,0.5,4032
2.1,-6.8,3.6,0,4012
2,-5.2,5.3,0,4044
2.6,-3.5,7.1,0.6,3949
1.6,-5.1,5.2,0,3949
0.8,-4.1,7.7,0,3949
0.7,-3.3,10.3,0,4001
1.8,0,9.4,0.2,4015
0.7,0.8,13.1,0,3997
3.3,-1.1,16.4,0,3996
2.1,-1.2,11.2,4.9,3996
2,-3.7,5.6,0,3996
1.1,-4.1,7.4,0,3996
1.4,-2.7,10.4,0,3949
1,-2.6,12.9,0,3986
0.8,-1,16.9,0,3986
1.4,3.5,14.6,0.8,4069
2.5,2.5,18.3,0,4076
3.8,2.3,23.7,0,4076
1.2,0.4,13.9,0,4076
1.2,-3.2,13.1,0,4028
2,-0.3,16.5,1.4,4085
2,2.1,12.4,16.1,4085
1.8,0.3,9.7,0,4159
1.3,-1,13.4,0,4133
1.6,1.2,15.8,0,4133
2.2,0.3,17.6,16,4133
1.4,7,15.5,16.3,4080
2.5,5,15.8,0,4080
1.6,-1.1,11.9,2.3,4016
1.5,-4.1,9.8,0,3998
1.1,-0.5,11.3,0,3986
2.4,0.5,13.8,0,3986
2.2,1.3,12.4,0,3986
1.4,-0.1,8.7,0.8,3986
1.5,-2.3,12.5,0,3986
1.7,1.3,17.2,0,3996
2.2,2.7,17.3,0,3999
1.5,1.9,13.2,0,4023
1.5,0.8,12.9,0.3,4023
0.9,2.4,13.7,0.6,4023
1.6,1.1,16.8,0,4161
2.5,4.3,12.1,1.4,4161
1.3,3,17.7,0,4170
1.6,4.7,20.3,0,4141
1.3,5.1,19.9,0.3,4153
2.8,3.7,13,24.7,4153
1.8,1.8,9.6,1.6,4153
4.1,0.4,16.3,0.1,4199
2.7,4.2,13.1,0.3,4236
3.6,1.2,10,0.1,4256
2.1,1.8,12.1,0.5,4253
2.2,0.8,12.9,0,4253
3.7,1.1,19.8,0,4253
0.7,4.3,17.5,1.5,4253
2.7,0.9,14,0,4238
3.3,5.8,24.5,0.1,4238
2.8,9.2,17.3,0.3,4218
2,7.3,18,0,4218
0.9,3.7,15.3,0,3966
2.6,3.5,8.5,9.7,3966
1.5,3.1,15.2,0,3966
1.3,2.3,18.9,0,3974
2.4,8.6,14,22.1,3974
1.8,8.9,19.4,1.5,3991
3.1,6.6,16.4,2.2,3856
1.8,6.4,17.3,0.5,3704
1.2,4.9,19.1,0.8,3704
2,7.1,22.1,0,3704
2.7,9.4,19.1,7.5,3823
1.8,6.2,21,0.1,3752
1.6,6.8,17,0.2,3752
2.1,6.7,17.9,1.1,3307
1.9,6.3,19.2,0.9,3293
2.3,8.7,20.5,0.1,3293
1.8,7.6,23.6,0,3293
1.4,8.9,25.1,0,3205
1.4,9.7,23.1,0,3241
1.2,8.8,26.4,0,3218
1.6,11.5,24.4,3.8,3130
2,12.8,19.5,15.9,3100
2.6,11.9,25.5,0,3100
1.7,13,26.7,0.1,3100
1.3,13.4,28.1,0,3097
2.4,11.8,26,0,3128
2.9,13.8,25.3,0,3116
1.5,12.7,23.5,0,3009
1.1,10.9,23.6,0,3009
2.1,11,24,4.2,3009
2.3,14.1,19.9,24.4,3009
1.4,12.4,21.9,0,2944
0.9,9.7,26.1,0,2933
1.1,12.1,27.6,0,2918
1.4,14.1,28.5,0,2890
1,14.2,30.1,0,2874
1,15.7,28.6,0,2874
2.2,16.9,27,0,2874
1.7,17.6,22.2,51.8,2864
2.1,17.3,22.1,26.1,2859
1.5,15.9,21.3,0.5,2842
1.2,14.5,26.5,0,2777
0.9,13.2,26.3,0,2770
1.4,15.4,25.3,0,2770
1.3,13.6,26.9,0,2770
1.3,14.2,26.6,0,2752
1.1,15.4,28.6,0,2734
1.1,16.4,28.9,0,2723
1.4,17.4,28.5,0.6,2723
1.1,17.8,28.1,0.2,2737
1.5,17.6,27.1,0,2737
1.6,17.7,27.8,0,2737
1.7,17.2,27.9,0,2737
1.1,18.5,24.7,4.8,2716
0.8,18.9,23.5,3.4,2691
0.9,19.3,26.5,0.1,2650
1.3,19.9,25.4,1.5,2659
1.8,20,29.2,0.1,2659
1.7,19.2,30.1,0,2659
0.7,20,28.6,1,2693
0.9,21.5,24.5,46.9,2706
1.1,20.3,28.2,20.1,2737
1.4,20.1,30,0,2775
1.2,20.8,28.1,0.4,2788
1.1,20,27.9,1.3,2788
1.2,19.5,24.8,2.9,2788
1.6,18.4,28.3,0,2773
1,19.4,27.2,6.5,2774
1.4,19.6,28.9,5.8,2741
1,19.5,28.3,3.5,2741
1,20.1,29,1.6,2741
1,19.5,30.3,0.1,2741
1,20,30.6,0,2741
2.1,21.1,30.6,0,2690
2.2,22.3,29.4,11.5,2683
1.5,22.4,29.6,18.6,2657
0.7,22.8,27.9,22.3,2659
1.2,21.9,26.3,51.5,2636
0.8,21.8,29.9,0,2636
0.5,22.2,27.3,19.3,2636
2,23.5,29,14.6,2676
1.3,24.4,30.7,1.7,2707
0.9,23.9,30.8,2.3,2693
1.7,23.6,30.7,5,2701
0.6,23.3,29.1,6.3,2694
1.4,23.5,30.3,18.4,2694
1,23.3,29.6,23.6,2694
1.7,23.4,29.7,14.2,2690
1.5,23.2,31.5,0.5,2726
0.8,23.8,29.8,8.5,2734
0.8,23.2,30.8,4.7,2763
1.4,22.4,31.8,0.4,2816
1,23.4,32.2,1.1,2816
0.9,24.2,31,1.3,2816
0.6,24.5,31.6,16.6,2878
2.4,24.5,28.4,17.3,2889
2,23.8,30.1,4.8,2942
1.4,22.6,31.7,0,3019
1.3,22.6,32.4,0,3075
0.5,22.2,31.8,0.1,3075
1.5,23.6,28.9,11.1,3075
0.8,24.2,31.6,5.2,3147
1.2,23.2,31.3,8.5,3303
1,24.1,31,12.9,3365
0.9,23.8,32.2,3.6,3376
1.2,24.6,30.6,3.7,3359
1.1,24.5,31.9,9.1,3359
1.1,24.6,32.1,7.6,3359
0.9,24.1,32.2,4.9,3369
0.9,23.7,32.9,9.8,3388
1.4,24.3,34.3,0,3426
1.1,25.9,34.6,0,3450
0.8,25.9,34.6,2.1,3535
1.1,24.6,33.8,6.4,3535
0.9,24.3,34.7,0.2,3535
1.2,24.6,34.5,0.2,3575
1.2,24.2,33.9,0,3698
1.1,23.8,33.7,0,3705
1.2,23.6,33.8,0.1,3705
1.5,24.1,34,0.5,3801
1.2,24.3,33.5,0,3801
1,24.4,34.1,0.7,3801
0.8,23.9,34.1,2.5,3924
1,23.1,33.5,0.6,4080
1.2,23.6,32.4,1.4,4225
0.9,24.5,33,6.6,4587
0.9,23.6,28,38.7,4696
0.9,21.9,28.2,31,4696
1.1,20.7,30.6,2.3,4696
1.1,20.6,30.9,0.1,4838
1.2,20,31,0,5046
1.1,21.1,30.7,0,5142
1.5,21.7,29.7,23.4,5189
1.1,22.1,29.6,4.7,5280
1.1,19.7,28.1,3.7,5280
0.8,18.8,28.3,0,5280
0.6,17.4,27.9,0.2,5256
1.3,16.5,24.4,0,5112
1,14.7,27.1,0,5015
0.8,15.4,24.4,0,4954
0.7,17.5,21.8,5.2,4804
0.8,17,25.5,1.6,4804
0.8,16.7,27.9,0,4804
0.5,16.7,27.7,0,4643
0.6,18.3,27.4,3,4529
0.5,19.9,25.5,9.9,4466
0.5,20.4,25.6,2.9,4564
0.8,20.7,28.7,14.4,4577
1,20.1,25.6,40.6,4577
1.1,18.1,28.9,0,4577
0.8,15.2,27.1,0.1,4441
0.9,14.4,28.9,0,4477
0.9,16.3,30.1,0,4477
0.8,17.3,28.6,0,4477
1,17.3,29.2,0,4477
2.8,18,29.5,0,4477
0.9,18.5,27.4,1.6,4477
0.9,17.2,28,0,4592
1.8,17.8,26.3,3.8,4537
1.2,16.2,24.2,1.1,4359
1.1,12,23.4,0.2,4044
0.9,10.3,24.6,0,3995
0.9,15,22,2.1,3995
1.6,17.1,20.6,26.8,3995
0.7,18,25.9,7.2,3930
1.4,16.7,26.5,0.5,3903
1.1,14.7,24.4,2.4,3829
0.7,10.7,22.8,0.1,3829
1.3,9.2,24.6,0,3708
2.7,11.2,25.6,0,3708
1,16.9,24.7,2.7,3708
1.7,19.5,26.9,0.9,3542
1,18.5,22,30.7,3497
0.7,16.8,24.7,0.6,3497
2.9,16.5,23.9,8.2,3068
1.8,13.1,23.6,0.3,3017
0.6,9.9,22.3,0,3017
0.9,9.3,23.8,0,3017
2.3,11,25.2,0,2883
1.2,10.5,19.6,5.8,2846
0.8,6.3,17,0,2812
0.7,5.3,18.3,0,2435
1.2,6.8,20.6,0,2349
1,8.6,20.5,0,2349
1.6,11,22.7,0.1,2349
2.5,10.1,21.2,0,2272
1.2,9.7,21,0.2,2233
1.2,10.6,21.8,0,2199
1.6,9.2,20.5,0,2303
0.9,6.4,17,0,2242
1,4.7,16.7,0,2242
0.7,3.9,18.3,0,2242
1.1,4.3,18.4,0,2250
1.3,5.4,19.6,0.3,2270
0.7,7.2,17.9,0,2286
0.8,6.6,19.8,0,2273
0.7,7.9,21.2,0,2288
1.1,10.2,18.4,2,2288
0.7,9.4,18.6,0.1,2288
0.8,7.6,17.9,0.3,2350
0.3,5.3,19.3,0,2303
2.3,7.5,17.3,0.9,2201
0.5,6.7,18.4,0.5,1976
0.8,3.6,16,0,1961
2.9,7.1,16.6,12.5,1961
1.7,4.2,15,0.6,1961
1.4,1.2,9.4,0,1870
0.7,-0.3,10.6,0,1870
0.5,-1.2,12.3,0,1870
1.1,0.6,11.5,0.5,1804
0.6,3.8,14.8,0.7,1796
3.4,1.4,14.7,0.5,1796
4,3,11.2,1.4,1796
3.8,0.7,6.5,1.4,1845
2.2,0.4,6.8,0.8,1858
1.4,-0.3,7.9,0.1,1887
1.1,-1.2,9.6,0,1935
0.8,-0.3,11.3,0,1935
1.4,0.6,13.1,0,1935
4.7,2.3,13.8,14,1935
2,3.3,12.7,12.6,1947
0.7,-0.8,8,0.3,2036
1.4,-2,6.4,6.7,1997
1.5,-4.5,2.2,1.3,2111
0.6,-3.3,5.9,0.5,2164
1,-1.8,10.8,0,2164
0.4,-0.2,10.8,0,2164
0.8,-1.1,9.5,0,2200
1,0.4,11,0,2243
0.4,-0.2,11.6,0,2218
1.6,-0.1,10.5,0,2329
0.6,-0.2,9.3,0,2367
0.6,-1.3,10.5,0,2367
1,-1,11.6,0,2367
2.1,2.5,9.5,8.5,2394
2.5,0.4,6,1.2,2371
1.8,-1.7,4,2.2,2378
1.9,-4.8,5.7,3.1,2486
1.1,-5.8,2,0.3,2447
1.1,-6.2,4.4,0.3,2447
0.5,-5.2,3.8,0,2447
1.1,-6.1,3.2,0,2564
1.2,-2.5,6.3,1.7,2419
2.9,0.9,8.5,0.4,2409
2.3,-3.3,2.9,1.2,2548
1.3,-4.2,2.4,1.2,2541
0.6,-4.3,4.7,0.1,2541
1.1,-5.7,4.9,0,2541
0.5,-3.6,5.4,0,2578
0.8,-5.5,6.8,0.1,2578
1.1,-5.4,7.2,0,2578
2.3,-1.5,5.3,0.3,2589
1.6,-5.3,0.8,0,2562
1.5,-8,0.8,0.1,2562
2.2,-7.3,3.2,0.3,2562
2.3,-2.4,7.6,0,2514
2.9,-1.8,9.1,0,2514
1.9,-0.3,9.2,0,2514
0.8,-2.2,9.1,0,2515
0.6,-3.2,10.1,0,2515
1,-2.8,6.9,1.2,2515
0.7,-3.7,6.6,0.1,2515
0.6,-5.1,7.6,0,2530
1.4,-4.3,7.8,0,2490
2.3,-1.4,5.3,1.8,2429
1.2,-8.1,-0.6,0,2412
1.1,-9.6,2,0,2412
1.8,-5.5,4.4,0,2412
1.3,-5.1,5.3,0,2412
1,-8.4,1.5,0,2375
1,-9.3,3.4,0,2375
0.6,-8.1,4.3,0,2375
0.8,-6.6,5.2,0,2316
1.8,-5,5.9,0,2316
0.8,-4.6,3.9,0,2316
1.3,-8.3,4.6,0,2316
1.9,-2.2,5.5,1.5,2276
1.1,-5.5,-0.1,1.4,2303
0.6,-8,3.4,0,2270
0.3,-7.5,7.1,0,2254
0.8,-3.5,10.7,0,2231
1.9,1.4,10.6,1.9,2231
1,-4.1,5.6,0.2,2231
1.6,-7,8.9,0,2242
0.8,-3.1,9.3,0.1,2242
1.2,-6.4,11.5,0.7,2262
0.6,1.5,10.2,1.1,2262
0.6,-3.1,10.8,0,2262
0.9,1,13.4,6,2262
2.7,5.1,14.2,0.4,2262
2.4,-4.5,7.3,0,2250
0.7,-8.1,-0.7,0,2250
1.3,-8.1,1.4,0,2224
3.5,-4.8,4.5,0.3,2233
2.7,-1.8,6.7,2.8,2232
1.3,0.4,4.6,3.2,2232
2.3,-1.3,3.3,3.2,2232
1.1,-2.6,3.4,2.2,2223
0.8,-4.2,5.3,0.6,2207
1.5,-3.3,6.5,0.4,2308
1.6,-2.7,6,2.1,2284
1,-1.6,6,0.2,2284
1,-4.1,8.9,0,2284
2,-3.9,10.1,0,2284
2.9,0.7,8.3,2.5,2292
0.8,-0.7,5.6,0.5,2251
1.4,-2.8,6.7,0.1,2254
0.9,-3.8,7.5,0,2218
0.8,-4.4,7.9,0,2215
0.9,-4.5,9.2,0,2215
0.9,-3.3,10.4,0,2215
0.8,-2.5,12,0,2231
0.9,-1.3,13.6,0,2188
1.7,1.2,11.5,4.1,2157
1.8,3.4,15.5,0.2,2131
1.2,3.1,11.8,0.1,2142
1.3,4,9.8,2.1,2142
1.1,0.4,10.5,0.6,2142
0.9,-2.4,11.6,0,2121
3,-1.1,11.4,0.2,2132
2.7,-0.7,8,0.7,2104
2.9,-4.1,6.5,0,2063
1.7,-3.8,6.3,0,2043
2.1,-3.2,8.2,0,2043
1.9,-1.5,7.2,1.3,2043
1.4,-4.4,8.8,0,2043
0.9,-3.6,13.6,0,2026
3.5,0.5,9.3,23,1973
1.6,1.4,7.6,8.8,1938
1.9,-0.9,8.4,0.3,1938
1.3,-1.4,14.1,0,1938
2,4.2,18,0,1938
3.4,3.8,20.1,1.3,1937
1.3,7.4,18.3,0.5,1890
1.2,5.8,12.6,0.1,1890
1.1,3,10.7,2.7,1918
1.3,0.5,10.4,0,1898
1.7,-1,15.6,0,1898
2.1,2.4,18.3,0,1898
1.2,2.2,18.1,0,1898
1.4,11.2,18.1,9.3,1888
1.2,9.5,19,8.9,1888
1.2,6.4,20.6,0,1893
1.1,7.6,24.1,0,1866
1.4,11.7,17.2,10.7,1866
1.2,8.2,18,3.8,1866
1.2,5.5,19.8,0,1907
1.4,5.3,21.8,0,1943
1.8,6.3,22.6,0,1968
1.9,5,18.1,4.9,1942
1.6,2.8,11.9,0.8,1942
2,1.2,12.3,0.6,1942
2.2,2.5,13.9,0,1942
1.5,3.9,19.2,0,1945
1.5,3.9,20.7,0,1936
1.5,4.9,20.9,0,1946
1.4,7,20.7,0,1965
1,7.8,17.8,0.1,1974
1.3,9.4,18.1,0.1,1974
2,8.5,19.3,2.4,1974
2.1,5,22.5,0,1996
1.2,7.5,23.6,0,2007
1.2,11,23,0,2052
2.1,7.7,20.5,12.5,2052
3,10.2,18.4,0.7,2018
1.6,9.1,16.3,0,2018
1.8,8.5,19.9,0,2018
1.5,8.3,21.9,0,1996
1.4,8.6,22,0,1997
1.2,6.7,24.2,0,1997
1.4,8.5,25.2,0,2060
1.3,8.4,25.8,0,2028
0.9,9.8,23.7,0,2028
2.9,13.3,18.8,12.1,2028
3.3,12.4,15.4,27.2,2016
1.1,12.1,17,23.2,2004
2,11.1,19.3,1.1,1998
2.3,10,23,0,1998
3.3,10.1,25.8,0.2,2022
2.2,9,20.9,0,2022
2.6,7.6,20.5,1.2,2022
2,6.3,17.2,0.1,2022
1.7,5.6,19.8,0,2022
2.4,6.2,22.7,0.3,2022
1.3,10.6,20.6,2.7,1998
1.6,8.3,23.4,0,2019
2.2,9.2,24.7,0,2019
2.7,11.1,23.2,18.5,2019
2.1,14.2,22.4,15.6,2011
1.7,12,27.4,0,2011
2.7,14.4,23.6,1.6,2011
2.3,14,24.5,0,2034
1.3,11.7,26.1,0,1708
1.1,12.1,25.9,0,1708
1.2,11.6,25.8,0,1708
0.9,11.8,26.8,0,1728
2.2,14.8,23,4.5,1759
1.6,13.2,24.7,0,1729
1.7,12.7,27,0,1701
1.5,15.4,24.1,0,1688
1.5,15.4,28.6,0,1688
2.7,17.6,25,7.7,1688
2.1,15.3,26,2.3,1689
1.3,13.5,29.5,0,1694
1.8,16,28.4,1.2,1702
1.3,15.5,31.1,0,1706
1.4,15.2,32.1,0,1738
1.3,16.3,32.4,0,1738
1.5,18.3,29.9,0,1738
2.7,18,24.2,5.9,1573
3.4,17.2,21.3,19.8,1571
2.4,18.3,25.3,3.1,1571
1.3,18.2,23.8,1.2,1607
1.1,16.5,27.4,0,1607
1.5,15.8,26.6,0.2,1607
1.6,17.9,25,0.7,1607
1.6,17.9,25.4,0.9,1594
1.6,18,25.4,4,1632
1.1,17.6,25.2,4.8,1647
1,16,24.3,7.2,1750
1.8,16.3,25.4,1,1762
2,16.7,28.2,0,1762
1.4,17,28.7,0,1762
0.9,17.4,29.6,0,1769
1.1,19.2,26.1,1.9,1791
1.3,17.9,28.3,0.3,1853
1.5,18,27.9,0.3,1915
1.9,18.3,26.7,1.4,1924
1.6,19.2,24.3,2.3,1924
1,18.4,26.5,5.9,1924
1.1,18.3,26,12.4,1917
1.2,18,27,2.5,1959
1,18,28.4,0,1993
1.4,19,29.3,0,2101
1.7,18.8,29.9,0,2112
0.9,19.9,29.3,0.8,2112
1.1,18.9,28.4,0,2112
1.3,19.4,29.5,1.7,2241
1.4,19.5,31.1,1.5,2249
2,20.1,27.5,7.7,2288
1.1,19.5,23.5,25.8,2314
0.7,20.2,28.7,0.9,2363
1,19.5,27.3,0.8,2363
1.2,19.5,24.1,8,2363
1.7,19,28,0.9,2388
1.4,21.5,29.1,4.2,2383
1.7,23.4,30.4,7.2,2382
2.2,23.2,32,0,2542
1.1,21.5,32.4,0,2554
1.8,20.8,29.2,0.9,2554
1.4,20.9,28.4,8,2554
1,21.3,31.1,0,2518
1.3,21.3,28.5,2,2569
1.8,21.5,29.9,2.4,2569
1.4,21.7,27.6,7.7,2585
1.3,21.8,29,18.6,2641
1.1,22.5,31,9.2,2641
1.5,22.7,31.9,0.1,2641
2.2,22.4,31.7,0,2716
1.7,23.3,30.6,2.1,2753
0.7,23.2,29.7,10.7,2807
1.9,23.1,31.2,11.7,2844
3.3,24.2,32.6,8.8,2938
1.2,21.6,29.5,1.8,2938
0.8,19.1,29.8,0.2,2938
1.2,18.8,28.7,3.3,3006
0.9,20.6,29.4,2.7,3123
1.1,22.3,33,0,3113
1.6,23.8,34.2,5.5,3306
2.8,23.4,32.5,2.4,3306
2.4,24,30.6,46,3306
1,23.7,27.2,35.2,3306
1.5,23.7,27,9.1,3373
0.8,23.8,31.5,1.2,3400
0.8,22.9,29.9,5.8,3431
2.5,21.2,26,17.6,3431
3.4,20.4,27.4,3.9,3413
1.3,20.8,28.4,1.9,3413
1.5,20.6,28,21.6,3413
1.6,19.3,28.7,0.4,3394
0.6,19.9,30.4,0,3356
1,20.7,26.7,2.5,3487
0.9,19.5,22.8,18.2,3456
0.7,20.3,27.8,3.6,3456
1,20.7,29.4,0.2,3456
1.9,20.4,25.9,19.6,3456
0.7,19.8,23.9,56.9,3417
0.4,21.1,26.1,12.2,3342
2,21.5,26.3,13.3,3331
1.7,21.5,27.4,37.7,3301
0.9,20.4,29.5,0.9,3295
0.9,20.6,29.8,0,3295
1.3,21.1,28.4,5.7,3295
1.5,21.9,25.8,40.1,3335
1.7,21.3,28.6,5.6,3354
1,19.8,26.1,1.8,3386
1.2,18.8,26.6,1.2,3374
1.3,18.4,27.2,4.1,3404
0.7,17.3,27.5,0,3404
1.1,16.8,26.2,0,3404
1.4,16.8,28.3,0.1,3686
1.8,18.1,25.4,7,3621
1.6,19,24.4,31.7,3871
0.9,18.6,28.1,0.4,3998
1,17.7,29.7,0,3998
1,18.7,28.8,0.6,3998
1.1,17.7,29.4,0,3998
1,18.8,29.4,0,3998
0.9,17.5,28.2,0,3998
0.8,16,27.6,0,3998
0.7,15.8,28.2,0,4176
1.4,17.5,25,0.3,4229
0.9,16.8,27.3,0.2,4229
1,15.4,26.9,0,4229
0.9,17.7,27.6,0.1,4094
0.8,16.4,27.1,0,4094
0.8,17.1,24.3,2.4,3942
1,15.3,24.9,0.1,3744
0.8,13.5,25.1,0,3515
0.8,12.7,26.6,0,3515
0.9,13.6,26.1,0.1,3515
1,13.4,27.4,0,3511
1.6,15.1,26.5,8.2,3395
0.9,17.1,21.7,61.6,3330
0.8,16,26.2,0.3,3374
1.1,16.1,25,0.4,3374
0.7,15.1,26.3,0.1,3374
0.5,16.3,26.8,0.1,3374
2.2,18,22.1,4.9,3247
0.9,15.6,23.2,1.1,3185
1.1,14.9,23.3,0,3095
2.4,14.5,23.5,2.3,3017
2.1,12.7,21.8,0.2,3017
1.9,11.3,22.4,0.3,3017
0.7,10.9,22.2,0,3017
1,9.9,21.8,0,2938
0.7,8.9,22.7,0,2900
0.8,9.2,23.2,0,2890
2.6,10.2,24.3,0,2890
2.3,10.5,25.6,0,2728
1,13.4,24.9,0,2728
3.9,12.6,22.5,0.9,2728
1,11.4,20.4,14,2709
1.1,7.9,19.6,0,2632
1.2,6.7,20.2,0,2600
0.9,7.5,19.7,1.4,2585
0.8,4.7,21,0,2507
0.7,5.7,22.5,0,2507
0.5,7.1,22.8,0,2507
2.3,14.1,18.6,18.4,2440
2,13.2,18.8,41.6,2425
0.8,9.7,16.8,13.7,2432
0.8,7.7,19.3,0,2438
0.8,8.3,21.5,0,2410
1.2,9.3,23.1,0,2410
1.4,8.9,22.6,0.1,2410
0.8,6.8,18.5,0,2280
0.7,3.4,19.2,0,2263
0.6,4.6,20,0,2234
0.9,6.2,19.9,0,2282
0.7,11.1,15.1,23.6,2279
3.1,12.5,18.3,1.9,2279
1.9,8.7,15.6,2,2279
0.9,3.6,14.2,0,2296
1,2.6,17.8,0,2289
0.8,3.4,18.6,0,2199
0.5,7.5,18.9,0.1,2119
0.6,5.5,16.2,2.4,2091
1.3,7.7,15.4,0.5,2091
0.8,5.3,16.6,0,2091
0.9,2.6,17.2,0,2038
3.7,2.3,16.2,0.4,2079
3.5,3.3,12.9,2.2,2052
1.7,-0.3,6.4,0.1,1820
1.2,-0.5,11.3,0.2,1791
1,0.2,11.9,0,1791
1.4,3.2,14,0.2,1791
1.1,2.9,12,0.5,1837
0.7,0.6,12,0,1829
0.7,-1.7,13.1,0,1832
0.8,-0.2,14.8,0,1868
0.5,1.4,16.2,0,1889
1.1,3.7,15.8,1,1889
0.6,4.1,13.9,0,1889
3,8.1,11.5,28.1,1867
1.1,7.4,13.3,1.7,1853
0.8,5.5,14.9,0.1,1894
1.1,3.6,15.9,0,1937
1.5,5.2,12.6,5.9,1937
1,6.6,15,0,1937
4.5,6.8,11.9,9.5,1937
3.4,-3.1,10.7,1.8,1937
2,-5.1,0.6,0.7,1937
1.9,-4.4,4.1,2.3,1937
2.1,-3.4,3.1,1.6,1850
2.1,-5.9,0.5,1.3,1782
0.8,-6.3,1.9,0.2,1782
1.3,-5.1,3.5,0,1782
0.6,-3.8,5.2,1.9,1825
0.6,-6.1,5.8,0,1839
2.4,-2.3,7.8,0.4,1845
1.7,-1.9,6.1,0.2,1862
2.8,-3.4,3.6,1,1862
1.5,-5.2,0.8,0.7,1862
0.7,-6.9,3.4,0,1862
3.2,-2.6,5.8,2.2,1899
3.9,-6,4.2,5,1880
1,-8.7,-3.2,1.9,1886
0.4,-10.1,0.4,0,1910
2,-9.2,3.1,0.6,1924
1.3,-3.4,5.1,2,1924
0.8,-7,1.3,0.7,1924
0.3,-8,2.7,0.5,1973
1.3,-5.9,5.9,0,1973
1.6,-1.1,9,0.2,1973
0.5,-3.9,4.3,0,1973
0.6,-6.8,4.1,0,1958
0.3,-6.7,7.1,0,1958
0.8,-5.6,5.1,0,1958
1.7,-1.7,8,0,1968
2,-1.7,9.9,0,1938
2.9,-4.1,4.7,0.9,1938
1.6,-7.4,-1.9,0.5,1938
1,-7.6,0.8,0.3,1957
0.5,-9.3,4.3,0,1957
0.6,-2.6,9.8,0,1957
2.5,-2.7,10.1,4.1,1957
1.6,-3.3,7.1,4.7,1980
1.1,-6.5,1.6,0,1957
1.1,-7.8,3.3,0,1959
1.4,-5.1,4.9,0,1936
2.1,-4.2,6.7,0,1936
0.8,-3.3,6,0.1,1936
0.6,-6.5,4.8,0,1936
0.6,-6.5,7.9,0,1928
0.8,-0.2,5.9,0.4,1913
1.8,-1.3,9.1,0.2,1907
2.7,-2.6,5.3,0.3,1896
0.9,-4.6,3.1,0,1896
2.9,-6.8,5.8,1.3,1896
0.6,-1.3,6.4,0.4,1896
0.4,-5.3,6.8,0,1889
0.7,-0.6,6.5,3.1,1875
1.1,0.5,6.3,1.9,1910
1,-2.7,6.8,0,1910
0.8,-1.9,8.8,0,1910
0.8,-1.3,7.8,3.8,1910
2.6,2.7,9.1,1.7,1912
1.1,-3.7,4.6,0.3,1912
0.5,-6,3.5,0.3,1912
2.1,-3.6,3.7,1.4,1911
1.2,-3.6,3.6,0.2,1894
0.8,-6.9,2.6,0,1894
0.7,-8,5.5,0,1894
0.9,-5.5,7.3,0,1920
1.1,-5.1,7.9,0,1920
1.3,-3.4,6.1,0,1920
1.5,-2.9,5.4,0.3,1920
1.2,-3.6,7.4,0,1910
4,-2.6,7.1,0,1910
2.8,-8.3,2.5,0,1910
3.4,-10.7,1.2,0.1,1919
2.3,-2.2,8.1,0,1914
2.9,-1.2,9.7,0,1950
2.7,-3.2,4.8,0,1884
0.8,-6.4,5.2,0,1881
1.4,-4.8,9.2,0,1881
1,-0.2,11,3.8,1881
2.1,3.8,6.8,10,1923
2,1.7,6.4,0.3,1952
0.6,0.6,4.8,0.1,1952
0.7,-2.1,8.3,0.2,1952
1.4,-3.2,10.9,0,1952
2.5,3.9,8.5,7.9,1952
2.3,1.7,11.3,1,1952
1.3,-0.2,8.6,0,2094
1.3,-0.9,9.6,0,2067
3.3,-0.4,11.2,0.1,2079
2.2,-1.1,8.2,0.2,2082
0.7,-3.7,4.1,0,2115
2.7,-3.7,6.8,1.6,2115
1.4,0.5,7.1,0.9,2115
1.9,-3,10.5,0,2166
4,0.5,7.6,2.8,2174
0.8,-2.8,4.3,0,2202
1,-5.6,6.8,0,2216
1.1,-3.5,10.5,0,2216
1,-2.4,12.2,0,2216
3.5,-2.3,14.6,0,2216
4.7,-3.3,11.3,0.1,2258
4.2,-5.4,2.7,0,2293
2.7,-3.3,8.1,0,2271
1.7,-2.9,9.5,0,2286
1.1,0.1,10.9,1.2,2308
1.4,-2,11.7,0,2308
1.1,-1.5,15.2,0,2308
0.9,0.7,19.1,0,2289
2.8,3,20.2,0,2280
1.6,7.8,12.3,31.8,2305
1.2,6.8,18.3,0.5,2310
1.6,7.1,19.6,0,2340
2.7,5.1,19.4,0,2340
2.7,3.8,16.8,0,2340
1.5,-0.3,11.5,0,2371
1.3,-1.6,12.1,0,2401
1.6,-2.4,14.2,0,2401
1.4,-0.8,17,0,2406
2,1.3,18.3,0,2415
1.8,1.5,19.3,0,2415
1.6,6.2,19.1,0,2415
0.6,4.7,21.3,0,2442
2.8,8.3,15.5,3.1,2480
2.7,9.2,15.9,1.9,2486
2.8,8.4,19.5,7.7,2509
2.9,9,18.8,9,2529
1.4,7.7,16.2,17.8,2529
1.1,8.4,11.7,3,2529
2.8,7.4,13.3,4.2,2546
1.5,5.1,10.8,0.9,2559
1.1,4.3,12.4,0.3,2568
1.1,3.4,15.1,0,2538
1.3,3.4,18.2,0,2538
2.6,3.5,19.5,0,2538
4,5.2,17.9,0.6,2538
1.5,8.1,13.2,7.5,2516
2.2,6.1,12.5,10.2,2565
2.1,5.9,18.8,1,2574
2.3,6,20.4,2.7,2617
1.1,3.6,19,0,2640
2.1,4.7,21.7,2.4,2640
2,11.3,17.2,14.2,2640
1.7,8.1,14.6,11,2697
1.8,5.7,20.9,0,2780
1.8,7.1,20.9,0,2795
2.2,5.9,22.3,0,2738
1.7,8.7,22.9,0,2719
1.9,6.7,24.2,0,2719
2,8.5,26.9,0,2719
1,11.2,26.6,0,2768
1.4,10.9,23.9,8.2,2779
1.4,14,18.2,23.2,2807
1.3,13.1,24,0.2,2715
1.3,12.8,26.3,0,2715
0.9,13.5,26.2,1.9,2715
2.7,15.8,20.2,12.9,2715
2,10.5,21.9,0,2712
1.2,5.9,21.9,0,2712
1.6,7.7,22.1,0,2913
1.3,8.7,24.1,0,2962
1.8,9.2,23.4,0,2972
2,12.9,24.1,0.2,2972
2.6,10.8,23.5,0,2972
4,11.7,21.9,23.8,2972
3.6,12.2,19.8,9,2855
2.1,12.5,25.7,0,2870
2.2,13.6,26.9,0,2870
1.9,15.3,23.9,1.3,2870
1.2,11.7,25.3,0,2870
1.1,9.8,26.1,0,2870
1.8,12.8,20.4,4,3034
1.9,12.8,24.2,0.7,3242
2,11.3,22.5,0,3342
2,10.1,26.5,0,3600
1.3,14,27.7,0,3653
1.4,14.1,27.3,0,3653
1.5,12.5,28.3,0,3653
1.6,12.2,28.3,0,3653
1.2,13.1,30.9,0,3639
1.2,12.8,30,0,3655
1.4,15.5,29.2,0,3697
1.3,14.6,29.6,0,3742
1.3,15.8,23,2.7,3742
1.3,14.5,27.7,0,3742
1.6,14.2,29,0,3562
2.1,17.2,27.2,0.4,3475
1.2,16.4,27.7,0,3438
0.9,12.9,29.3,0,3422
1.1,13.3,21.2,3.2,3411
1,12.3,26.1,0,3411
1,15,27.6,0,3411
1.7,15.8,24.7,1.3,3397
1.2,16.3,27.9,0,3421
1.3,16.5,31.2,0,3405
2.2,17.9,25.6,1.7,3490
1.8,18.1,29.6,0.7,3502
1.5,17.5,28.4,0.7,3502
1.2,17.4,27.3,5.1,3502
1.2,19.2,28.4,0,3508
1.9,19.2,28.5,1.1,3408
2.4,18.2,25.9,2.9,3384
1.8,18.1,27.8,0.8,3387
1.2,18.4,27.8,2.2,3359
1,17.4,22.3,12.2,3359
1.3,17,26.8,0.1,3359
1.5,17.3,28,0.2,3327
1.4,18.2,29,0.1,3303
1.4,19.2,27.2,3.4,3303
2.1,18.9,25.9,14.6,3214
1.3,18.8,23.8,32.4,3140
1.5,18.4,25.8,0.7,3140
1.3,17.9,27.2,0,3140
0.9,18.5,29.1,0.2,3126
2.6,19,25.5,11.5,3022
1.9,18.4,28.1,0.9,3015
1.3,17,28.2,0.2,2989
1.4,17.6,28,0.5,2983
1.2,15.8,26.7,0,2983
1.1,17,27.4,0.4,2983
1,17.9,27.2,0.2,2987
2.2,17.7,23.1,13.3,2998
1.6,18.4,23.6,23,2932
1.1,20.2,26.2,19.1,2937
1.1,20.6,30.3,0,2937
2.2,22,31.1,9.2,2937
3.3,22.8,26.1,44.8,2937
2.2,21.8,26.7,3.6,2998
2.3,21,30.8,0.1,2941
3.2,20.7,31.2,1,2921
2.2,19.4,27.1,0,2921
1,17.8,25.7,0.3,2904
0.6,20.1,27.1,0.1,2904
1,20.2,28.6,1.5,2904
1.1,21.9,27.6,2.7,2895
1,22.1,28.3,4.1,2867
1,23,29.9,2.8,2837
0.9,23.6,29.4,13,2861
0.9,24.1,27.6,17.4,2812
1.3,24,29.6,8.8,2812
1.1,22.4,32.4,3.8,2812
1.2,23.5,30.4,1.8,2821
0.7,24.1,32,0.6,2798
1.4,24.3,31.1,7.1,2785
1.5,24.7,33.7,0,2720
1.1,24.5,33.6,0.2,2720
0.8,23.8,32.9,1,2720
1.2,23.5,31.5,5.1,2720
1.5,24.2,33.1,0,2723
1.4,23.3,33.3,0,2708
0.8,23.6,33.7,0,2715
0.8,23.4,34.3,0,2736
1.2,23.4,34.8,2.2,2712
1.3,23.6,33.8,6.8,2712
1.3,22.7,32.3,0,2712
0.9,22.7,31.5,0,2779
1.3,21.3,29.2,6.7,2778
1,20.4,27.9,5.1,2829
1,21,30.5,6.9,2750
0.8,20.8,30.8,1.1,2750
0.9,21.2,31.6,0,2750
1.1,21.4,29.7,6.9,2750
1.3,20.5,30.9,1,2673
0.8,21.3,30,0,2728
0.9,21.4,29,0,2814
0.9,22,27.3,5,2882
0.9,21.1,28.3,26.6,2838
0.8,21.1,28.6,0.3,2838
2,21.4,29.8,0.1,2838
1.9,22.1,27.9,3.1,2881
1.4,19.7,24,26.8,2892
1.7,18.7,26.9,0.4,2901
0.9,18.3,28.7,1.4,2836
0.9,18.8,28.7,2.5,2817
1.1,18.8,28.7,0,2817
1.3,18.3,29.1,0.4,2817
2,19.3,29.1,1.8,2908
0.8,20.8,27.9,5,2887
0.9,20,27.4,9.6,2881
0.8,19.2,28.1,1.8,2865
1,18.8,29,0,2857
2.3,19.4,25.6,9.4,2857
1.5,18,24.6,6.6,2857
1.8,15.9,26.4,0.1,2888
1.7,14.3,26.2,0,2870
1.2,13.6,27.1,0,2846
1.3,14.2,27.3,0,2765
1.4,15.7,26.6,1.5,2795
1.1,15.5,22.1,3.8,2795
0.8,13.5,25.1,0,2795
1.4,12.8,26.4,0,2810
1.5,13.3,25.7,0,2760
1.8,13.2,24.1,1.6,2733
0.9,15.2,24.2,4.4,2699
1.1,14.6,26.3,0,2706
1,15.2,26.7,0,2706
0.7,14.8,26.6,0,2706
0.8,15.1,27.9,0,2740
0.5,14.8,28,0,2687
1.1,15.6,22.5,8.4,2703
0.9,16.5,25.7,1.2,2691
0.9,16.3,26.3,0,2697
0.9,15.4,26.5,0,2697
1,13.7,27.6,0,2697
1.8,13.1,28.6,0,2697
1.4,14.4,27,0,2697
2.2,16.7,23.1,1.7,2783
2.5,14.5,22.6,37.4,2770
2.1,8.9,21.9,0,2748
1.1,11.9,24.9,0,2748
0.8,11,23.6,0,2748
1,11,24.4,0,2788
0.8,10.1,25.4,0,2732
1.1,10.8,24.8,0,2717
2.3,12.5,24.4,0.1,2732
0.7,10.2,21.4,0.4,2732
1.1,7.6,20.7,4.8,2732
1.6,8.6,17,2.2,2732
1.2,9.4,18.5,0.5,2727
0.9,7.5,21.8,0,2675
0.8,9.5,23.3,0,2640
0.8,9.9,23.8,0,2617
0.8,10.4,23.5,0,2596
0.9,10.2,24.8,0,2596
0.8,9.6,25.2,0,2596
0.6,10.7,23.5,0.1,2592
1,11.5,24.1,0,2569
1.2,11.8,23.9,0.2,2501
0.8,12.3,21.6,0.3,2453
0.9,12.3,22,0,2398
1,11.3,22.3,1.2,2398
0.9,9.6,21,0,2398
1.9,9.1,19.8,0.4,2370
1.9,9.7,17.8,16.3,2340
2,5.9,17.2,0,2328
2,5.4,16.3,0.4,2356
1.3,3.6,12.8,0,2326
0.7,0.7,13.2,0,2326
1.3,0.9,11.2,0.1,2326
0.8,4.6,16.4,0.2,2317
1,4.9,19,0,2297
1.1,3.8,20,0,2310
2.8,7.1,20.7,0,2221
2.9,8,19.2,2.6,2210
2.3,11.7,14.5,28,2210
1.5,12.5,15.1,13.8,2210
1.1,10.8,15.5,3.2,2200
0.9,7.6,15.3,0.2,2207
1.4,6.8,17.1,2,2174
2.1,9.1,18.1,0.6,1919
0.9,10.9,13.9,24.4,1875
1,12,16.2,5,1875
1,9.6,18.3,0,1875
1,8.9,15.8,10.7,1949
3.7,12.3,17.1,0.5,1991
1.3,9.4,14.2,7.9,2042
1.1,8.6,12.1,0.9,2020
0.7,7.6,15.9,0.1,2020
2,5.9,13.5,0.1,2020
1.7,7.3,15.5,4.6,2020
2.5,9.2,12.7,6.6,2058
1.5,6,11.2,2.8,2164
3,3.8,7.6,9,2174
2.2,-1.1,4.5,3.3,2134
0.7,-1.9,4,0.6,2213
1.1,0.1,7.2,0,2213
1.3,1.6,9.6,0.8,2213
0.7,1.5,11.6,0.2,2232
1.1,-0.9,12.1,0,2211
3.1,2.9,11.3,5.7,2183
3,-0.3,6.5,3,2240
1.6,-0.6,5.7,0.5,2240
0.5,2.1,8.7,0,2240
0.6,-0.7,8.3,0,2240
0.7,-2.5,9.9,0,2221
0.5,0,11.1,0,2221
0.4,-0.4,13.2,0,2221
2.1,6.6,10.6,14.1,2247
0.7,3.8,10.9,3.7,2202
0.8,1.1,10.8,0,2202
0.4,2.6,12.5,0,2202
2.3,4.2,8.7,3.9,2175
3,4.7,9.9,0.5,2178
2,-1.6,5.5,2.4,2157
0.6,-4.8,1.4,0.3,2129
0.8,-6,4.7,0,2148
0.3,-3,8.4,0,2148
0.5,-2.5,6,0.8,2148
1.2,0.5,9.3,1.5,2123
0.4,-1.1,9.6,0.1,2125
1.3,3.8,9,1.9,2127
2,0.8,8.7,0,2147
1.7,-2.6,5.8,0,2147
1.6,-2.1,9.8,0.2,2147
1.8,-4.6,3.7,0,2147
0.8,-6.4,2.2,0,2160
0.6,-6.7,4.8,0,2202
1.1,-5.2,7.4,1.1,2202
0.7,-1.7,6.3,0.3,2183
0.7,-3.9,7.3,0,2183
0.8,0.3,11.5,0,2183
2.5,1,12.9,0,2183
1.7,0.1,10.1,0,2215
1.1,-2.4,4.4,0.5,2266
1.8,-4.2,5.4,0,2269
1.4,-2.6,4.3,0,2271
1.7,-3.8,3.9,0,2242
1.6,-3.8,5.5,0,2242
1.3,-2.8,6.7,0,2242
1.4,-4.4,4.3,0,2307
2.2,-7.1,3.7,0,2307
1.8,-4.9,2.3,0.8,2318
0.5,-5.5,3.3,0.1,2280
0.7,-5.3,6.2,0.1,2280
0.7,-4,7.3,0,2280
3.5,-1.3,5.6,3.3,2280
4.3,-7.3,3.1,0.9,2299
0.9,-9.7,-4.6,0.8,2313
1,-10.9,-2.3,0,2354
1,-8.4,0,0,2440
3.2,-9.3,0.7,0,2448
2.6,-11.3,-3.5,1.2,2448
1.4,-14.2,-7.4,1.5,2448
0.9,-12.4,-1.3,0.3,2476
1.6,-7,3.5,0.1,2598
0.7,-4.8,6.1,0,2715
2.8,-4.6,3.6,6.7,2730
1.2,0.3,4.4,8.2,2777
2.2,-1.2,6.4,0.6,2777
1.6,-3.2,2.9,0,2777
1,-6.2,1.7,0,2881
1.1,-8.6,2.7,0,2908
1.6,-8.3,4.9,0,2914
1.4,-4.8,5.9,0,2966
1.9,-5,5.4,0,3026
1.2,-5.6,3.3,0.5,3026
1.3,-8,5,0,3026
3.3,-5.7,7.4,0.2,3026
0.8,-2.2,7.5,0,3026
0.8,-4.9,10.8,0,3026
0.8,-1.2,13.7,0.2,3003
0.7,6.9,12,20.7,3003
2.4,7.1,16.2,11.4,3003
3.3,-3,9.5,0.8,3003
2.4,-6,0.1,0.2,3033
1.6,-4.4,4,0.5,3047
1.7,-4.1,6.5,0,3078
1.5,-2.9,9.7,0.1,3124
1.9,-0.2,8.9,0,3124
2.3,-0.6,8.7,0,3124
1.1,-3.6,6,0,3124
2.3,-1.5,6.5,0,3160
1.9,-1.3,8.5,0.2,3160
2.1,-4.7,3.4,0.6,3145
2.3,-5.9,6,0,3147
1.1,-2.3,7.3,0.8,3147
0.7,1.2,10.6,1.4,3147
1.4,-0.5,10.5,5.8,3147
1.5,-4.8,1.3,0.3,3169
1,-7.3,4.3,0,3169
0.7,-3.8,10.4,0,3530
0.7,-0.1,15.2,0,3672
1.3,4.5,13.7,9.7,3711
2.2,8.2,15.5,27.9,3711
1.1,5.3,15.6,2.5,3711
2.2,3.4,14.9,0,3741
1.7,2.4,9.3,2.8,3806
2.8,0.3,8.2,2,3878
1.7,-1.9,5.7,0.1,3930
1.4,-3.9,5.8,0,3924
0.7,-4.2,8.7,0,3924
1.2,1,8.4,0.2,3924
1.3,-0.5,10,0,3808
1.7,-2.5,13.3,0,3821
1.2,3,16.4,0,3821
0.4,0.9,18.3,0.1,3803
1.2,7.9,15.4,9.3,3851
1.2,5.2,16.8,0,3851
1.6,3.3,13.8,0,3851
2.2,2.3,15.6,0,3985
2.1,2,16.9,0,3905
1.8,4.1,13.6,0.5,3995
1.3,1.2,12,0.2,4063
1,1.4,11.1,0.2,4030
1.7,0.2,12.1,0.5,4030
1.4,0,14.1,0,4030
2.7,0.7,17.5,0,4059
2.2,4.8,18,0.1,4103
1.1,6.4,20.3,0,4088
1.2,4.8,20.7,0,4196
1.9,4.3,22.8,0,4117
1.3,5.7,21.5,0,4117
1.6,8.9,15.2,9.5,4117
2.1,7.6,15.6,1.8,4231
1.5,5.1,19.6,0,4228
2.1,5.7,21,12.2,4191
2.2,9.2,18,21.9,4303
2,8,21.7,0,4451
2.5,8.2,22.2,0,4451
2.9,8.2,21.3,0.4,4451
1.5,6.8,16.1,0.2,4462
0.9,6.2,19,0.6,4462
2,10.9,18.2,13.1,4462
1.7,9.6,21.3,0,4554
1.9,6.5,21.2,0,4505
4.6,7.9,20.7,29.2,4505
3.5,10.1,17.2,9.5,4505
2.3,8.3,18.9,1.2,4705
1.3,7.4,19,0,4875
1.5,7.3,20.3,0.7,4751
2.6,10.9,17.3,28.8,4733
1.6,11.2,24.6,0,4675
1.3,10.9,20.7,0,4675
1.3,7.2,22.1,0,4675
1.9,7.3,24.9,0,4612
3.3,8.7,25.4,1.4,4593
2.3,10.8,15.5,25,4504
1.7,9.6,19.2,2.4,4458
2.1,8.4,20.9,0.1,4426
1.8,8.8,23.8,0,4426
1.7,10.4,26.1,0,4426
4.1,11.8,25.9,7.8,4024
6.2,11.7,19.8,26.8,3999
1.4,11.7,22.3,0.2,3974
1.6,9.3,26,0.8,3974
2.3,13.9,22.5,1.7,3974
1.4,11.3,23.6,0,3974
1,9.3,24.8,0,3974
1.6,13.6,23.4,0.2,4009
1.6,12.2,17.2,20.1,3987
2,11.4,21.7,0.9,3994
2,11,25.1,0,3994
1.6,11.9,22.5,0.1,3987
1.9,10.5,23.9,0,3987
2.8,11.7,24.3,12.6,3987
1.2,9.9,21.7,5.9,3988
1.3,8.6,26.6,0,3999
1.1,11.4,29.3,0,3999
1.4,12.4,28.8,0,3810
1.1,11.9,28,0,3800
1.3,12.3,27.9,0,3800
1.1,12.4,28.1,0,3800
1.3,12.5,27.8,0,3793
1.4,15,21.3,20.3,3793
1.1,13.7,25.8,0,3793
1.1,15.1,25.9,0.1,3891
1.3,16.8,27.5,0.1,3854
1.4,16.3,27.1,0.4,3854
1.7,15.7,26.5,0.6,3854
1.8,14.4,28.4,0,3788
1.8,15.5,28.1,0,3701
1.4,15.8,26.5,0,3588
1.6,13.1,27,0,3499
1.1,14.3,28.3,0,3401
1.7,16.3,22.9,3.9,3401
1.1,15,27.3,0,3401
1.1,16.8,22.6,0.7,3401
1.5,17.9,25.9,0.3,3397
1.2,18.1,25,1.7,3353
1.2,17.4,28.3,0,3072
1.5,17.7,28.8,0,3023
1.2,19.3,28.6,2.1,3023
1.7,20.4,26.5,2.6,3023
1.6,19.2,27.7,0.1,2931
0.9,18.4,27.4,0.5,2860
2.2,18.7,24.9,4.8,2874
2,19.1,25.9,1.7,2792
1.3,17.5,29.5,0,2713
1.6,17.9,29.8,0.8,2713
1.2,19.8,29.2,1.4,2713
1.3,18.5,28.4,5.7,2724
1.9,20.1,28.1,0.3,2751
1.4,20.6,26.4,7,2762
1.9,19.9,29.4,0.1,2754
2.5,19.9,25.2,30.3,2799
1.8,18.8,27.3,0,2799
0.9,17.5,29.3,0,2799
1.4,17.6,27,1,2833
1.2,17.8,27.4,0.5,2825
1.6,19.2,26.7,0.9,2825
1,20.8,29.2,1,2777
1.7,22,27.6,55.2,2752
0.7,21.5,27,24.6,2752
1.9,20,25.3,22.3,2752
1.1,20.2,24.7,53.2,2832
1.5,21.5,28.6,39.5,2860
1.3,21.2,27.4,27.8,2899
1,20.9,29,1.2,2933
1.3,20.8,31.2,1,2950
1,21.2,32.1,0,2950
1,21.7,31.1,0,2950
1,22.2,30.3,2.9,3032
1.6,22.4,28,8.2,3068
1.1,22.1,29.9,0.1,3115
1.6,21.4,30,2.3,3191
1.9,20.7,28.7,0.8,3214
1.5,20.4,23.8,27.9,3214
1.4,20.7,27,0.9,3214
1.1,19.7,28.7,0,3299
1.3,20.4,30,0.1,3351
1.2,21.6,29.8,0,3416
1.2,21.5,29.7,0,3354
0.7,21.7,30.7,0,3341
0.9,22.2,31.2,1.7,3341
0.8,23.6,32,4.8,3341
1.3,24.5,31.6,5.8,3322
1.2,24,32.8,0,3344
1.7,24.5,32,0.9,3362
0.5,24.8,32.7,0.8,3383
1,24,32.1,9.7,3388
1.2,25,33.3,6.7,3388
1.1,24.4,33.5,4.1,3388
1,23.7,32.8,2.4,3487
1.4,23.6,30.9,3,3569
1,23.1,31.8,1.6,3689
0.7,23.4,33,0.2,3760
0.9,23.3,33.6,0.2,3822
1.1,23.4,34,0.6,3822
1.2,24.1,34.2,1.5,3822
1.2,24,34.5,4.9,3957
1.2,23.9,32.6,0.6,4064
1,23.9,34,0,4043
1.2,24.1,35.4,0,4061
1.3,24.4,35.6,0,4090
1.2,24.6,35.3,0,4090
1,25,34.4,1,4090
1.4,25,33.8,2.6,4090
1.1,24.2,33.2,4,4120
0.9,23.2,33.3,0.7,4291
1,23.7,33.6,0.4,4520
1.2,23.8,33.6,0.4,4746
1,24.1,34,0.1,4746
1.3,23.2,33.8,0.2,4746
1.4,23,34,1.2,5334
0.9,23.6,32.2,1.8,5472
1.4,22.9,33.2,0,5958
2.4,21.3,33.7,2.1,6258
2.2,18.3,27.2,11.3,6384
1.1,17.1,27.1,0.6,6384
1.3,17.3,23.3,22.8,6384
1.8,16.3,25.4,3,6708
3.5,16.9,24.7,1,7175
1.4,18.5,25.3,7.8,7641
1.4,19.6,30.2,2,7754
1,19.4,24.8,28.9,7872
1,19.7,27.1,20.5,7872
0.9,21.1,29.4,2.1,7872
0.8,21.7,29.1,1.3,7892
0.9,20.2,27.8,0,8035
1.3,19.9,27.9,1.3,8186
1,18.6,28.2,3.2,8081
1,18.9,28.5,1.4,8128
1.1,18.7,27.6,5.1,8128
0.9,19.3,27.3,1.2,8128
1.1,19.1,25.9,7.8,7545
0.8,17.7,28.2,0,7845
0.7,18.7,27.7,0,7845
0.8,18.2,28.2,0,7845
1.7,19.6,25.3,5,7845
2.4,18.8,22.8,85.6,7845
2.7,18.3,22.8,6.5,7845
2,17.1,24.1,0.2,8443
1.1,13.9,24.4,0,8088
0.9,12.7,24.1,0,7940
0.8,15.8,24.6,0,7694
0.8,14.4,26.1,0,7643
0.6,15.4,27.1,0,7643
0.7,16.1,26.6,0,7643
0.4,17.9,26.5,2.2,7532
1.3,20.1,26.7,5.4,7846
2,18.8,24.7,7.6,7805
0.7,17,21.7,1.3,7788
0.6,15.9,19.9,13,7719
1,16.3,22.3,2.4,7719
1.3,17.8,24.4,6.1,7719
2,18.9,26.9,9.6,7719
1.5,16.8,27.2,0.6,7304
0.7,16.7,24.2,51.1,6912
1.3,14.4,24.3,0,6759
1.7,14.8,22.8,9.3,6657
1.6,14,21.5,23.6,6657
0.8,8.8,17.8,0,6657
0.8,8.4,19.1,0,6470
0.8,10.2,20.6,0,6047
0.8,10.8,21.2,0,5738
0.7,10.6,20.2,0,5340
0.7,9.2,23.1,0,5107
0.5,10.6,24.3,0,5107
1,13.9,18.5,18.5,5107
0.8,14,23.2,0.3,4753
1.1,12,22.4,0,4685
1.6,12.6,23.3,0,4481
1.4,11.7,22.7,0.1,4241
0.9,14.9,18.8,0.4,4179
3.2,13.6,21,0.4,4179
0.9,11.4,17.6,2.3,4179
1.1,9.5,19.4,0,4011
1,11.3,19.1,13.7,3911
0.9,10,18.3,0,3792
0.7,9.1,19.2,0,3723
1.3,12.1,16.5,5.6,3592
1,7.1,14,0.7,3592
1.1,2.9,15.1,0,3592
1.9,4.4,11.6,0.3,3552
1,0.4,9.7,0,3419
1.2,-1.2,11.8,0.1,3422
0.9,2.9,14.7,0.1,3233
1.3,3.5,17.4,0,3218
2.8,7.6,19.8,0.2,3218
1.3,8.9,16.5,1.6,3218
2.6,9.4,17.8,1.5,3270
0.9,3.1,12.7,1.7,3255
1,-0.7,10.5,0,3281
1.7,2.8,12,3.1,3233
0.9,4.5,15.2,0.9,3263
0.6,2.9,18.2,0,3263
0.9,6.9,18.3,3,3263
2.3,10.2,18.7,2.3,3435
1,3.4,15.2,0,3567
0.6,0.3,14.3,0,3561
0.7,3.3,16.1,0,3440
1,3.6,15.6,12.8,3630
1.3,10.6,16.7,1.2,3630
0.5,7.3,17.6,0,3630
2.1,6.1,14.2,0.1,3709
1.6,2.5,10.9,0.9,3790
1.9,-0.5,7.6,0.1,3762
1.1,-3,5.5,0,3712
0.4,-2.8,8.1,0,3725
0.8,-2.6,4.3,2.4,3725
1.6,1,8.5,0.1,3725
0.7,-0.2,8.4,0,3725
0.5,-2.3,10,0.2,3725
3,1.2,10.7,2.5,3838
1.1,0.8,10.8,0.1,3927
0.7,-2.6,10,0,3927
0.5,-2.6,12.1,0,3927
2,1.1,10.2,0,3927
2.2,2.5,13.8,0.1,3951
0.4,-2.9,6.7,0,3959
0.7,-4.2,7.6,0.1,3978
1.7,-2.5,9.7,1.3,4057
1.1,-0.5,8.9,1.3,4111
0.6,-3.9,7.1,0,4111
0.6,-5.7,7.8,0,4111
0.7,-2.8,10.1,0.2,4044
1.4,1.4,9.9,0.3,4077
2.5,-1,4.7,2.5,4058
1.4,-4.2,2.7,0.1,4077
0.8,-6.9,2.9,0,4093
0.6,-2.2,10.1,0,4093
0.7,-1.1,10.6,0.1,4093
0.7,3.4,10.5,4.9,4089
1.4,3.3,13,0,4119
3.3,3,13.7,24.2,4145
3.3,4.4,15.3,14.4,4169
1.1,-0.3,4.6,0.6,4163
0.5,-2.3,4,0,4163
0.5,-2.9,9,0.1,4163
2.4,2.9,6.2,10.3,4206
1,-3.2,4.5,2.1,4226
1.7,-6.5,4.8,0,4200
0.9,-4.5,2.1,0.2,4224
0.8,-7,4.6,0,4219
0.5,-2.9,7.1,0,4219
0.8,-1.5,9.6,0,4219
1.3,0.4,11.3,0,4382
0.8,-0.9,9.8,0,4355
1.9,-1.3,10.6,0,4380
0.7,-0.7,8.5,2,4379
0.6,0.8,10.5,0.1,4354
1.1,-1.4,9.5,0.1,4354
3,3.9,11.9,1.6,4354
2.6,-0.5,8.1,0.1,4279
2.8,-2.9,4.7,0,4279
2.5,-6.2,2.8,0,4279
2.5,-3.7,5.6,0.2,4279
3.2,-5.9,2.8,0.3,4108
1.3,-7.8,-1.8,0,4108
0.8,-10.6,1.6,0,4108
0.9,-8.8,4.4,0,4108
0.8,-7.8,5.8,0,4108
0.8,-4.5,5.9,0,4092
1.9,-5,6.8,0,4092
1.1,-5.4,1.4,3.3,4092
3.6,-8.1,2,0.6,4092
1.5,-6.9,0.1,0.6,4092
1.2,-9.9,-1.1,0.1,4019
1.1,-10.1,1.5,0,3987
0.8,-9.7,3.3,0,3987
3,-9.1,6.8,0.1,3987
0.6,-3.7,6.6,1.2,3987
0.4,-7.3,8.3,0,3987
2.9,0.9,5.7,3.9,3987
1.2,-5.5,3.2,1.1,3987
2,-8.7,3.7,0,4008
1.4,-5.4,4.2,0,3980
1.1,-7.5,6.1,0,3990
0.6,-3.8,8.6,0,3990
1.7,-2.3,9.9,0.8,3990
2.5,1.8,7.5,1.1,3990
0.7,-2.6,4.7,0,3990
1.7,-4.7,6.3,0,4001
3,-3.6,5.3,0,4001
3.4,-5,1.2,0.1,4010
2.1,-6.8,-0.5,0.6,4010
1.5,-7.5,1.8,0.1,4010
1.2,-6.1,5.4,0,4010
1.2,-5.9,7.3,0.3,4038
1.1,-3.4,7.6,0,4010
1.7,-5.3,11,0,4010
3.5,-2.8,14.5,1.4,4010
2.9,-1,12,1.7,4010
0.9,-4.6,5.1,0,4010
2.8,-5,10,2,4010
0.9,-3,9.6,5.4,4010
0.8,-6.2,7.9,0,4010
3.5,0.3,5.9,16.1,4010
2.1,-2,5,0,4010
1.8,-4.7,6.1,0,4010
1.1,-2.6,9.2,0,4010
1,-2,10,0,4010
1.3,-2.5,11.1,0.1,4010
1,-2.5,13,0,4018
2.3,0.7,12.7,2.1,4018
1.2,-0.7,6.9,2,4018
1,-3.2,11.7,0,4002
1.5,-1,13.7,0,4002
3,-0.3,13.8,0.2,4002
3.6,-1.1,7,0.3,4002
2.8,-3.2,4.4,0.5,4002
3.6,-3.8,6.3,0,4002
2.1,-1.6,11.3,0,4002
1.3,-1.3,12.7,0,4002
1.4,-2.2,15.8,0,4002
1.8,0.2,16.4,0,4002
1.8,2.7,13.7,0,4002
0.9,0.6,11.4,0.6,4089
1.5,-1.8,12.2,0,4089
1.3,-1.4,13.1,0,3986
1.6,-1.2,15.5,0,3986
1,2.3,16.8,0,3986
1.1,0.7,17.9,0,3986
1.6,2.1,13.6,2.8,3942
1.6,2.4,12.5,1.5,3942
1.6,-0.6,14,0,3942
1.3,3.8,15.1,0.1,3942
1,2.3,13.3,0,3938
1.2,4,9.7,6,3938
1.9,2.8,10.8,1.2,3938
0.8,2.4,10.8,1.3,3930
1.4,0.7,13.6,0.7,3953
1.2,4,14,1.1,3917
1.9,2.8,18.4,0,3927
1.2,6.2,12.1,3.8,3918
1.9,4.1,12.3,3.4,3918
1.7,1.7,15.1,0,3918
1.6,2.9,20.2,0,3918
1.2,4.1,21.9,0,3918
2.2,10.2,16.2,17.7,3895
1.1,10.5,17.1,9.8,3881
2.1,8.5,21.9,0,3881
2.7,8.1,23.1,0,3881
2.3,9.2,18.2,0.6,3881
1.9,8.3,19.5,0.1,3881
2.8,8.4,18.2,10.8,3881
2.4,7.2,17.7,0,3803
2.6,4.6,20.3,0,3830
2,8.5,20.5,0.9,3790
1.3,11.3,24.8,0.1,3790
1.1,10.3,26.6,0,3790
2.1,10.8,17.2,15.3,3829
3.2,8.6,20.1,3.1,3714
1.4,7.4,19.4,0,3701
1.7,8.9,17.6,0.9,3648
1.1,7.1,19.9,0,3681
1.9,7,20,0.1,3681
1.9,6,21.8,0,3681
2.3,6.4,22.5,0,3612
3,11,22.4,0.8,3607
2.4,10.1,20.1,1.2,3601
2.6,6.4,19.3,0,3627
2.4,6.2,23.3,0,3649
2.2,8.2,25,0,3649
1.8,11.9,27.7,0,3649
1.3,11.3,25.4,0,3649
1.1,9.4,24.7,0,2987
1.2,9.5,27.2,0,2987
2.5,11.3,26.4,0.3,2809
3.9,15.6,25.1,3.7,2809
2.8,11.1,22.6,0,2809
1.6,9.2,24.7,0,2809
1.6,10.3,24.9,0,2807
1.4,12.9,19.1,11.2,2807
1.3,12.6,19.7,1.1,2782
0.9,12.3,25.8,0.3,2171
2.3,14.4,21.8,1.7,2163
4.1,12.3,24.5,2.9,2163
2.3,11.3,22.7,0,2163
1.7,10.2,21.7,0,2127
1.4,11.1,22.2,0,2096
1.5,11,24.7,0.7,2133
1.9,11.5,27.4,0,2060
1.7,13.5,29.5,0,2005
1.7,13.8,28.4,0,2005
1.4,13.8,27.9,0,2005
1.6,13.1,27.3,0,1974
1.4,13.7,25.5,1.4,1974
2.6,16,25.4,3.6,1974
2,13.2,27.8,0,2087
1.5,10.9,21.7,0,2096
2.1,9.8,25.1,0,2096
2.1,11.8,28.3,0,2096
1.9,16.6,30.6,0,2093
1.3,16.2,30.4,0,2086
1.1,16.5,27.9,2.5,2105
2,16.2,27.3,2.6,2004
2.4,12.3,25.6,0.1,1995
1.8,14.2,25.3,0.2,1995
1.7,11.5,27,0.2,1995
1.6,13,27.6,0,2010
1.6,14.5,21.7,10.7,2010
2.6,15.9,21.2,5.5,2050
2.2,15.9,26.4,0,2181
1.8,15.5,28.6,0.4,2272
1.6,16.6,26.6,0.4,2272
1.9,14.2,27.1,0.9,2272
1.5,14.7,24.8,0,2289
1.9,14.7,25.4,2.1,2283
1.8,14.4,27.2,0,2275
1.2,16,29.8,0,2255
1.4,16.4,28.7,0,2247
1.4,16.3,29.3,0,2247
1.4,16.3,31.2,0,2247
1.2,17.1,31.7,0,2251
1.9,18.1,28.7,2.1,2247
1.6,18.7,29.1,0.3,2252
1.2,18.2,30.3,0,2267
1.1,18.6,31.5,0,2259
1.4,19.3,29,2.5,2259
1.7,19.1,28.2,10.4,2259
1.7,19.6,26.8,12.4,2285
1.5,19.7,28.1,3,2284
1.1,19.8,29.9,1.5,2256
1.3,20.4,28.6,5.2,2301
1.3,20.8,30.4,0.3,2285
1.5,22.6,29,4,2285
2.5,23.3,28.8,23.3,2285
1.6,23.5,29.1,29.4,2356
0.9,22.9,29.8,20.7,2394
1.3,22.5,31.2,1.7,2482
0.8,22,30.5,15,2594
0.6,22.9,29.1,4.4,2570
0.9,23.4,28.6,24.4,2570
0.7,23.4,32,9.6,2570
1.9,24.1,28.5,26.7,2539
1.3,23.2,30.7,4.8,2588
1.3,23.1,32.6,0,2810
1.2,22.2,33,0,3051
1.5,22.9,33.2,9.8,3199
1.2,23.1,28.4,20.7,3199
1.7,23.7,30.4,25.1,3199
1.3,23.4,30.6,6.2,3414
0.9,23.1,30,3.4,3709
1.1,23.5,32.8,0,3879
1.3,23.8,33.6,0,4052
0.7,25.5,34.1,0.7,4217
0.6,24.8,32.2,4.6,4217
0.6,24.4,29.5,13.2,4217
1.7,24.9,31.2,10,4381
1.5,23.9,31,10.7,4891
0.8,21.7,30.8,0,5055
0.6,20.4,31.1,0.3,5376
1.1,22.2,30.2,11.3,5293
1,23.4,28.5,7.4,5293
0.7,23,30.6,0.8,5293
1,23.1,27,19.9,5274
0.9,22.9,31.9,2.2,5481
1.5,23.8,32,0.4,5409
0.9,23.1,31.9,0,5438
1,23.5,33.9,0,5401
1.2,24.7,35.1,0.6,5401
1.7,25.1,34.8,1.7,5401
1.3,24.8,33.8,1.6,5478
0.9,23.5,32.3,0.4,5420
0.8,23.5,28.4,11.6,5329
1.5,23.4,29.1,15.7,5273
1.4,22.3,31.2,8.8,5426
2.1,21.8,30.3,0.8,5426
2,21.4,26.8,3.1,5426
1.8,21.4,25.1,42.9,5450
2,21.6,25.2,29.1,5450
1.1,22,28.3,6.4,5781
1,21.8,28.7,5.3,5924
1.2,21.7,29.9,6,6024
1.6,21.9,29.1,8.1,6024
0.9,22.7,27.8,24.6,6024
1.5,23,29.4,26,6535
1.2,23.4,31.6,8.2,6576
3.2,24.4,32,10.6,6677
1.3,24.7,31.6,14.4,6743
1.2,21.2,31.3,3,6600
0.7,17.9,29.6,0,6600
1.1,16.6,28.6,0,6600
2,18.3,28.8,8.4,6768
1,18.2,26.9,1.1,6800
1.1,16.6,24,0,6868
1.2,15.5,27.3,0,6875
1.1,16,27.6,0,6958
0.9,15.3,26.5,0,6958
1,15.3,27.8,0,6958
0.9,17,27.7,0,7125
0.6,18.1,23.4,1.6,6741
1.2,18.5,23.9,15.4,6928
1,17.8,26.9,1.2,6775
0.9,17.7,28.8,0,6770
0.9,17.4,28.8,0,6770
1.1,18,27.4,0.2,6770
1.2,18.2,23.6,46.6,6740
1.1,17.1,27.8,0,6804
1,14.4,27.2,0,6686
2.1,13.6,27.2,0,6655
2.2,16.5,25.3,0,6472
2.1,16.1,24.8,0.1,6472
1.2,17,26.1,1.8,6472
1.1,15.2,27.2,0,6423
1.8,16.5,27.3,3.5,6316
0.9,14,24.5,0.4,6288
1,11.8,25.7,0,6281
0.9,14,26.5,0,6209
1.1,14.9,26.3,0,6209
0.9,16,27.6,0,6209
0.7,16.9,28.5,0,6174
0.8,16.9,28.3,0,6190
2.1,17.3,22.6,21,6184
1.4,15,25.1,0.2,6026
0.7,10.3,21.8,0,5969
1.3,9.9,25.9,0,5969
1.3,12.9,20.3,21.2,5969
1.7,16.5,24.6,15,5969
1.4,14.9,23.1,0.6,5969
1,13,22.3,0.1,5969
0.8,13,21,1.1,5969
0.9,13.9,19,8.4,5969
1,15.9,24.6,0.1,5969
1.1,16.3,26.5,0,5969
1,16.4,27.1,0,5969
2.2,16.8,26.6,1.5,5754
0.7,14.6,21.8,6.3,5403
1.4,10.6,15.5,9.3,4986
1,7.7,19.2,0,4638
1.2,8.9,20.3,0,4638
0.8,10,19.4,0.8,4638
1,12.1,20.2,0,4286
1.5,9.7,21.6,0,3980
0.9,13,18.7,0.3,3792
0.8,11.3,20.5,0.5,3398
1,10.1,22.4,0,3243
3,9.4,22.6,0,3243
1.8,9.4,21.7,0.1,3243
0.8,8,18.6,0,3140
0.8,7.3,18.5,0.1,3104
0.8,6,19.8,0,3094
0.8,6.9,19.5,0,2974
0.9,9.6,21.5,0,3061
2,9.2,22.1,0,3061
1.6,7.6,19.4,1.9,3061
1.1,2.9,14.1,0,2809
0.8,1,17.5,0,2754
0.8,6,18.5,0,2643
1.9,9,19.3,0.1,2680
1.6,7.1,18.4,1.3,2587
1,3.6,13.8,1.3,2587
0.8,1.4,15.7,0,2587
0.6,2.6,18,0,2640
2.4,6.4,19.8,0.1,2625
0.8,7.5,19.6,0,2624
2.6,2.8,17.6,0,2576
2.4,4.3,19.4,2,2597
1.1,1.7,12.1,0,2597
0.8,-0.6,13.6,0,2597
2.4,1.2,14.4,0.4,2621
3.1,4.1,14.4,0,2646
1.8,1.2,10.3,0,2591
0.7,-1.6,9.3,0,2414
2.7,-2,10.4,0.2,2384
2.2,-2.1,7.6,0,2384
1.8,-4.1,5.5,0,2384
1,-1.5,8.3,0,2445
0.7,-2.7,10.2,0,2461
2.1,0.1,10.7,0.5,2434
1.6,-2,6.7,0.6,2599
1.1,-2.1,6.5,1.3,2622
1.4,-3.4,10.4,3.3,2622
0.6,0.8,12.4,1.3,2622
0.9,-1.8,11.6,0,2686
2.1,0.7,14.4,0,2708
2.8,3.1,12.2,0,2727
1.7,-1.9,6.6,0,2727
0.9,-5.2,4.8,0,2727
0.3,-4.9,8.1,0,2727
2.7,-1.7,11,0.5,2727
2.9,-2.6,6.9,0.2,2677
0.8,-6,1.9,0.2,2670
1.3,-5.2,6.7,0.9,2657
1.8,-1.9,7.6,0.9,2653
0.9,-4.3,2.4,0.2,2688
1.6,-4.5,6.2,0,2688
4.8,-1.1,8.9,2.2,2688
1.7,-6.7,1.7,0.2,2637
1.4,-9.7,-1.7,0,2637
0.7,-9.6,0.4,0,2637
0.8,-10.5,2.8,0,2635
3.4,-7.2,4.7,0,2635
1.9,-5.6,2.1,0.2,2635
0.5,-9,0.3,0.1,2635
2,-7.3,5.7,0.3,2743
0.5,-5.9,3.4,0.1,2765
1.4,-7.8,4.7,0.7,2788
0.7,-4.8,5.8,0,2788
0.6,-4.3,8.5,0,2800
1.7,-1.1,11,0,2800
2.9,1.3,8.1,14.2,2800
3.3,-2.7,3.5,0,2800
2.3,-4.9,4.1,0.1,2823
0.8,-8,0.7,0,2865
1.1,-6.9,3.7,0,2884
0.8,-2.1,8,0,2901
2.6,-1.6,7.1,0.6,2901
